-- phpMyAdmin SQL Dump
-- version 5.2.0
-- https://www.phpmyadmin.net/
--
-- Máy chủ: localhost:3306
-- Thời gian đã tạo: Th7 09, 2024 lúc 01:52 AM
-- Phiên bản máy phục vụ: 5.7.41-cll-lve
-- Phiên bản PHP: 7.2.34

SET SQL_MODE = "NO_AUTO_VALUE_ON_ZERO";
START TRANSACTION;
SET time_zone = "+00:00";


/*!40101 SET @OLD_CHARACTER_SET_CLIENT=@@CHARACTER_SET_CLIENT */;
/*!40101 SET @OLD_CHARACTER_SET_RESULTS=@@CHARACTER_SET_RESULTS */;
/*!40101 SET @OLD_COLLATION_CONNECTION=@@COLLATION_CONNECTION */;
/*!40101 SET NAMES utf8mb4 */;

--
-- Cơ sở dữ liệu: `omhbxdtk_newweb`
--

-- --------------------------------------------------------

--
-- Cấu trúc bảng cho bảng `answers`
--

CREATE TABLE `answers` (
  `answer_id` int(11) NOT NULL,
  `question_id` int(11) NOT NULL,
  `answer_content` text COLLATE utf8mb4_unicode_ci NOT NULL,
  `timestamp` timestamp NOT NULL DEFAULT CURRENT_TIMESTAMP ON UPDATE CURRENT_TIMESTAMP
) ENGINE=InnoDB DEFAULT CHARSET=utf8mb4 COLLATE=utf8mb4_unicode_ci;

--
-- Đang đổ dữ liệu cho bảng `answers`
--

INSERT INTO `answers` (`answer_id`, `question_id`, `answer_content`, `timestamp`) VALUES
(2, 18, 'hello', '2023-08-04 02:20:32'),
(3, 19, 'check', '2023-08-04 02:24:51'),
(6, 20, 'a', '2023-08-04 05:33:01'),
(8, 21, 'b', '2023-08-04 05:36:07'),
(14, 25, 'hi', '2023-08-04 08:02:11'),
(17, 34, 'ádasd', '2023-08-04 17:22:59'),
(19, 60, 'j đó', '2023-08-05 06:53:26'),
(21, 63, 'ai gà cơ', '2023-08-05 16:55:47'),
(22, 62, 'ai cũng xấu trai hơn', '2023-08-05 16:56:12'),
(23, 85, 'ỉa', '2023-08-06 12:13:22'),
(24, 86, ':))', '2023-08-07 14:54:43'),
(25, 90, 'muốn ănđấm ko', '2023-08-07 17:31:08'),
(26, 95, 'wut', '2023-08-11 15:35:15'),
(29, 104, 'hii', '2023-08-25 02:31:22'),
(30, 89, 'ghecc', '2023-08-07 17:00:00'),
(31, 131, 'toàn cái gì í', '2024-01-09 12:18:30'),
(32, 135, 'mình cảm ơn', '2024-01-10 17:45:47'),
(33, 152, 'Em cảm ơn ạ', '2024-01-12 06:38:29'),
(34, 160, 'có làm gì đâu', '2024-03-03 15:46:00'),
(35, 163, '123 nhé b', '2024-05-21 15:18:30');

-- --------------------------------------------------------

--
-- Cấu trúc bảng cho bảng `emailcaptcha`
--

CREATE TABLE `emailcaptcha` (
  `email` varchar(225) NOT NULL,
  `captcha` int(11) DEFAULT NULL
) ENGINE=InnoDB DEFAULT CHARSET=utf8mb4;

--
-- Đang đổ dữ liệu cho bảng `emailcaptcha`
--

INSERT INTO `emailcaptcha` (`email`, `captcha`) VALUES
('a', 337357),
('a@gmail.com', 829726),
('biduc2002@gmail.com', 789122),
('biduc200@gmail.com', 272440),
('hohoangphucjob@gmail.com', 209993),
('maxen@g', 566946),
('ngth030721@gmail.com', 621309),
('nguyenthikimsam.work@gmail.com', 696206),
('phamthephong_t65a@hus.edu.vn', 335429),
('phuc@gmail.com', 219314),
('regex@g', 833711),
('taisaoemkhoc0z@gmail.com', 129048),
('thoaivan769@gmail.com', 298364);

-- --------------------------------------------------------

--
-- Cấu trúc bảng cho bảng `forumanswers`
--

CREATE TABLE `forumanswers` (
  `question_id` int(11) NOT NULL,
  `answer_content` text NOT NULL,
  `timestamp` timestamp NOT NULL DEFAULT CURRENT_TIMESTAMP ON UPDATE CURRENT_TIMESTAMP,
  `id` int(11) NOT NULL
) ENGINE=InnoDB DEFAULT CHARSET=utf8mb4;

--
-- Đang đổ dữ liệu cho bảng `forumanswers`
--

INSERT INTO `forumanswers` (`question_id`, `answer_content`, `timestamp`, `id`) VALUES
(44, 'nice', '2024-01-16 03:20:25', 9),
(44, 'thỏ nha', '2024-01-16 03:23:57', 10),
(47, 'hmm', '2024-01-16 03:25:19', 11),
(36, '3 bữa 1 ngày kk', '2024-01-16 03:37:44', 12),
(51, 'làm cái list', '2024-01-18 07:41:08', 13),
(73, 'hmm', '2024-01-18 13:25:14', 14),
(69, 'nấu bị khó nuốt ấy :(', '2024-01-23 20:35:00', 15),
(38, 'Xả stress', '2024-01-25 11:14:08', 16),
(33, 'Thi thoảng đi chơi', '2024-01-25 11:15:21', 17),
(33, 'Đi ăn đi uống', '2024-01-25 11:15:27', 18),
(33, 'Hehe', '2024-01-25 11:15:29', 19),
(61, 'Giờ thì khó lắm', '2024-02-28 10:07:58', 20),
(74, 'Thế học gì chưa?', '2024-03-26 10:38:06', 21),
(74, 'v:', '2024-05-30 17:57:27', 34);

-- --------------------------------------------------------

--
-- Cấu trúc bảng cho bảng `forumquestions`
--

CREATE TABLE `forumquestions` (
  `id` int(11) NOT NULL,
  `type` varchar(50) NOT NULL,
  `title` varchar(50) NOT NULL DEFAULT '',
  `question_content` text,
  `timestamp` timestamp NOT NULL DEFAULT CURRENT_TIMESTAMP,
  `likes` int(11) NOT NULL DEFAULT '0',
  `reps` int(11) NOT NULL DEFAULT '0',
  `auth` int(11) NOT NULL DEFAULT '0'
) ENGINE=InnoDB DEFAULT CHARSET=utf8mb4;

--
-- Đang đổ dữ liệu cho bảng `forumquestions`
--

INSERT INTO `forumquestions` (`id`, `type`, `title`, `question_content`, `timestamp`, `likes`, `reps`, `auth`) VALUES
(31, 'animal', 'Mèo hay Chó?', 'Bạn thích mèo hay chó hơn và tại sao?', '2023-06-02 14:16:54', 13, 0, 1),
(32, 'animal', 'Thú cưng yêu quý nhất của bạn là gì?', 'Nếu bạn có thú cưng, thì thú cưng nào là người bạn yêu quý nhất và tại sao?', '2023-08-05 09:23:27', 6, 0, 1),
(33, 'life', 'Bí quyết sống hạnh phúc?', 'Bạn có những bí quyết gì để sống một cuộc sống hạnh phúc?', '2023-02-17 19:48:36', 10, 3, 1),
(34, 'life', 'Cuộc sống nông thôn hay thành thị?', 'Bạn thích sống ở nông thôn hay thành thị hơn và tại sao?', '2023-10-13 21:47:24', 5, 0, 1),
(35, 'sport', 'Thể thao yêu thích của bạn là gì?', 'Thể thao nào là sở thích hoặc yêu thích của bạn và tại sao?', '2023-05-02 13:38:22', 15, 0, 1),
(36, 'sport', 'Bạn có thói quen tập luyện hàng ngày không?', 'Nếu có, bạn thường tập luyện như thế nào và những lợi ích gì bạn đạt được?', '2024-01-16 03:12:34', 10, 1, 1),
(37, 'art', 'Nghệ sĩ ưa thích của bạn là ai?', 'Nghệ sĩ (họa sĩ, nhạc sĩ, diễn viên, v.v.) nào là người bạn ưa thích và tại sao?', '2023-11-18 17:24:11', 7, 1, 1),
(38, 'art', 'Ý nghĩa của nghệ thuật trong cuộc sống?', 'Bạn nghĩ sao về ý nghĩa của nghệ thuật trong cuộc sống hàng ngày?', '2023-03-17 03:56:15', 18, 1, 1),
(39, 'tech', 'Gadget mới bạn muốn sở hữu?', 'Nếu có thể, bạn sẽ muốn sở hữu gadget hoặc công nghệ mới nào và tại sao?', '2023-08-11 08:06:11', 13, 6, 1),
(40, 'tech', 'Ý kiến về sự phát triển của công nghệ?', 'Bạn nghĩ sao về sự phát triển nhanh chóng của công nghệ trong thời đại hiện nay?', '2023-05-08 16:26:28', 9, 0, 1),
(41, 'food', 'Món ăn ngon nhất mà bạn từng thử là gì?', 'Nếu có một món ăn mà bạn nghĩ là ngon nhất mà bạn từng thử, đó là món gì và bạn đã thử nó ở đâu?', '2023-10-17 17:22:21', 6, 0, 1),
(42, 'food', 'Nấu ăn là một phần quan trọng của cuộc sống hàng n', 'Bạn có thích nấu ăn và nấu những món gì thường xuyên?', '2023-07-25 08:01:24', 10, 0, 1),
(43, 'animal', 'Mèo hay Chó?', 'Bạn thích mèo hay chó hơn và tại sao?', '2023-03-05 14:01:28', 2, 0, 1),
(44, 'animal', 'Thú cưng yêu quý nhất của bạn là gì?', 'Nếu bạn có thú cưng, thì thú cưng nào là người bạn yêu quý nhất và tại sao?', '2024-01-16 03:20:25', 4, 2, 1),
(45, 'animal', 'Có nên nuôi thú cưng trong nhà không?', 'Bạn nghĩ sao về việc nuôi thú cưng trong nhà, có những lợi ích và khó khăn gì?', '2023-09-17 06:33:59', 8, 0, 1),
(46, 'animal', 'Loài động vật nào bạn muốn nuôi nhất?', 'Nếu có thể chọn, bạn sẽ nuôi loài động vật nào và tại sao?', '2023-03-29 11:03:04', 12, 0, 1),
(47, 'animal', 'Bạn đã từng gặp phải tình huống khó xử với thú cưn', 'Chia sẻ câu chuyện nếu bạn từng gặp tình huống khó xử với thú cưng của mình.', '2023-10-16 00:40:45', 8, 1, 1),
(48, 'life', 'Bí quyết sống hạnh phúc?', 'Bạn có những bí quyết gì để sống một cuộc sống hạnh phúc?', '2023-06-20 03:14:59', 6, 0, 1),
(49, 'life', 'Cuộc sống nông thôn hay thành thị?', 'Bạn thích sống ở nông thôn hay thành thị hơn và tại sao?', '2023-05-21 01:26:19', 3, 0, 1),
(50, 'life', 'Làm thế nào để giảm căng thẳng trong cuộc sống hàn', 'Bạn có những phương pháp nào để giảm căng thẳng trong cuộc sống hàng ngày?', '2023-09-22 15:53:29', 2, 0, 1),
(51, 'life', 'Phương pháp quản lý thời gian của bạn là gì?', 'Bạn quản lý thời gian như thế nào để có một cuộc sống hiệu quả?', '2023-12-14 18:47:36', 9, 1, 1),
(52, 'life', 'Bạn muốn thực hiện điều gì đặc biệt trong cuộc sốn', 'Nếu có một điều gì đó mà bạn muốn thực hiện trong cuộc sống của mình, đó là điều gì và tại sao?', '2023-03-17 15:51:30', 5, 0, 1),
(53, 'sport', 'Thể thao yêu thích của bạn là gì?', 'Thể thao nào là sở thích hoặc yêu thích của bạn và tại sao?', '2023-12-29 06:01:28', 11, 0, 1),
(54, 'sport', 'Bạn có thói quen tập luyện hàng ngày không?', 'Nếu có, bạn thường tập luyện như thế nào và những lợi ích gì bạn đạt được?', '2023-08-15 12:39:12', 15, 0, 1),
(55, 'sport', 'Sự quan trọng của thể thao đối với sức khỏe?', 'Bạn nghĩ thể thao có tác động như thế nào đối với sức khỏe của mình?', '2023-06-28 11:33:27', 20, 0, 1),
(56, 'sport', 'Sự kiện thể thao bạn mong đợi nhất trong năm là gì', 'Nếu có một sự kiện thể thao bạn mong đợi, đó là sự kiện gì và tại sao bạn chờ đợi nó?', '2023-05-03 03:04:17', 18, 0, 1),
(57, 'sport', 'Bạn thích tham gia thể thao nào nhất?', 'Nếu có thể tham gia bất kỳ môn thể thao nào, bạn sẽ chọn môn nào và tại sao?', '2023-08-02 19:42:08', 19, 0, 1),
(58, 'art', 'Nghệ sĩ ưa thích của bạn là ai?', 'Nghệ sĩ (họa sĩ, nhạc sĩ, diễn viên, v.v.) nào là người bạn ưa thích và tại sao?', '2023-10-01 04:03:44', 12, 0, 1),
(59, 'art', 'Ý nghĩa của nghệ thuật trong cuộc sống?', 'Bạn nghĩ sao về ý nghĩa của nghệ thuật trong cuộc sống hàng ngày?', '2023-07-30 13:13:14', 18, 0, 1),
(60, 'art', 'Công việc sáng tạo của bạn là gì?', 'Nếu bạn là người sáng tạo, công việc sáng tạo của bạn là gì và bạn cảm thấy thú vị như thế nào?', '2023-11-08 15:59:43', 15, 0, 1),
(61, 'art', 'Nghệ thuật có thể thay đổi thế giới không?', 'Bạn nghĩ nghệ thuật có khả năng thay đổi thế giới không? Tại sao?', '2023-08-30 10:17:15', 17, 1, 1),
(62, 'art', 'Nếu có khả năng nghệ sĩ, bạn sẽ tạo ra điều gì?', 'Nếu bạn có khả năng nghệ sĩ, bạn sẽ tạo ra tác phẩm nghệ thuật gì và tại sao bạn chọn chủ đề đó?', '2023-07-06 20:51:52', 12, 0, 1),
(63, 'tech', 'Gadget mới bạn muốn sở hữu?', 'Nếu có thể, bạn sẽ muốn sở hữu gadget hoặc công nghệ mới nào và tại sao?', '2023-05-28 09:12:00', 2, 0, 1),
(64, 'tech', 'Ý kiến về sự phát triển của công nghệ?', 'Bạn nghĩ sao về sự phát triển nhanh chóng của công nghệ trong thời đại hiện nay?', '2023-09-11 04:22:44', 2, 0, 1),
(65, 'tech', 'Thách thức lớn nhất của ngành công nghiệp công ngh', 'Theo bạn, thách thức lớn nhất mà ngành công nghiệp công nghệ đang đối mặt là gì và làm thế nào để giải quyết?', '2023-03-05 17:45:43', 13, 0, 1),
(66, 'tech', 'Ý kiến về trí tuệ nhân tạo?', 'Bạn nghĩ sao về sự phát triển của trí tuệ nhân tạo và tác động của nó đối với cuộc sống hàng ngày?', '2023-09-15 03:25:47', 13, 0, 1),
(67, 'tech', 'Công nghệ nào sẽ thay đổi thế giới trong tương lai', 'Theo bạn, công nghệ nào sẽ có ảnh hưởng lớn và thay đổi thế giới trong tương lai?', '2023-06-11 18:40:01', 19, 0, 1),
(68, 'food', 'Món ăn ngon nhất mà bạn từng thử là gì?', 'Nếu có một món ăn mà bạn nghĩ là ngon nhất mà bạn từng thử, đó là món gì và bạn đã thử nó ở đâu?', '2023-09-17 05:09:55', 5, 0, 1),
(69, 'food', 'Nấu ăn là một phần quan trọng của cuộc sống hàng n', 'Bạn có thích nấu ăn và nấu những món gì thường xuyên?', '2023-02-18 19:29:55', 21, 1, 1),
(70, 'food', 'Món ăn truyền thống của quê hương bạn là gì?', 'Món ăn truyền thống nào từ quê hương của bạn mà bạn yêu thích nhất và bạn thường ăn nó như thế nào?', '2023-10-12 05:20:57', 13, 0, 1),
(71, 'food', 'Bạn đã từng thử món ăn mới từ một quốc gia khác ch', 'Nếu có, bạn đã thử món ăn mới từ quốc gia nào và bạn cảm thấy thế nào về nó?', '2023-03-22 15:30:26', 11, 0, 1),
(72, 'food', 'Một món ăn bạn muốn học cách nấu là gì?', 'Nếu có một món ăn mà bạn muốn học cách nấu, đó là món gì và tại sao bạn quan tâm đến nó?', '2023-10-26 23:51:13', 12, 0, 1),
(73, 'sport', 'kèo căng giữa nhật với vn', 'dù thua nhưng dù sao đây cũng là trận cầu cống hiến nhỉ', '2024-01-16 15:27:57', 0, 1, 1),
(74, 'tech', 'Nên học React hay Vue', 'Hiện tại mình đã có kiến thức về laravel framework, giờ đang phân vân học cái nào sẽ phù hợp với laravel hơn, hay là học cả hai : )', '2024-01-29 14:01:15', 0, 10, 1),
(84, 'sport', 'a', 'a', '2024-06-05 12:31:08', 0, 0, 0),
(85, 'life', 'a', 'a', '2024-06-05 12:35:05', 0, 0, 0);

-- --------------------------------------------------------

--
-- Cấu trúc bảng cho bảng `ip`
--

CREATE TABLE `ip` (
  `ip` varchar(50) CHARACTER SET utf8 COLLATE utf8_unicode_ci NOT NULL,
  `first_time` timestamp NOT NULL DEFAULT CURRENT_TIMESTAMP,
  `last_time` timestamp NOT NULL DEFAULT CURRENT_TIMESTAMP ON UPDATE CURRENT_TIMESTAMP,
  `times` int(11) NOT NULL DEFAULT '0',
  `id` int(11) NOT NULL
) ENGINE=InnoDB DEFAULT CHARSET=latin1;

--
-- Đang đổ dữ liệu cho bảng `ip`
--

INSERT INTO `ip` (`ip`, `first_time`, `last_time`, `times`, `id`) VALUES
('1.52.133.94', '2024-01-10 10:56:38', '2024-01-10 10:56:38', 1, 1),
('1.52.236.125', '2024-01-10 06:51:29', '2024-01-10 06:51:29', 1, 2),
('1.52.40.229', '2024-01-08 17:23:14', '2024-01-10 18:43:09', 49, 3),
('1.53.198.26', '2024-01-10 03:06:37', '2024-01-10 03:06:37', 1, 4),
('1.53.48.86', '2024-01-10 09:50:53', '2024-01-10 09:50:53', 1, 5),
('103.179.188.91', '2024-01-10 04:10:48', '2024-01-10 04:11:24', 4, 6),
('103.213.122.252', '2024-01-10 13:03:28', '2024-01-10 13:03:28', 1, 7),
('112.197.12.70', '2024-01-10 07:21:48', '2024-01-10 07:21:48', 1, 8),
('112.197.200.193', '2024-01-08 17:23:14', '2024-01-08 11:27:36', 0, 9),
('113.161.85.84', '2024-01-10 03:23:04', '2024-01-10 03:23:04', 1, 10),
('113.161.87.101', '2024-01-10 04:37:36', '2024-01-10 04:37:36', 1, 11),
('113.178.53.119', '2024-01-10 08:30:07', '2024-01-10 08:31:30', 6, 12),
('113.190.254.131', '2024-01-10 10:32:22', '2024-01-10 10:34:02', 4, 13),
('113.20.108.35', '2024-01-10 06:27:03', '2024-01-10 06:28:52', 2, 14),
('113.23.109.40', '2024-01-10 11:00:31', '2024-01-10 11:00:50', 2, 15),
('113.23.91.232', '2024-01-10 07:39:41', '2024-01-10 07:41:14', 7, 16),
('115.76.49.181', '2024-01-10 04:34:38', '2024-01-10 04:35:43', 4, 17),
('115.79.143.109', '2024-01-10 04:59:05', '2024-01-10 04:59:05', 1, 18),
('115.79.29.190', '2024-01-10 04:58:12', '2024-01-10 04:58:37', 3, 19),
('116.103.250.177', '2024-01-10 05:23:06', '2024-01-10 05:24:51', 5, 20),
('116.96.44.252', '2024-01-10 03:42:21', '2024-01-10 06:14:12', 15, 21),
('116.96.45.132', '2024-01-10 04:32:31', '2024-01-10 04:32:31', 1, 22),
('116.96.46.167', '2024-01-10 04:27:46', '2024-01-10 04:27:46', 1, 23),
('116.96.47.16', '2024-01-10 02:57:20', '2024-01-10 02:57:20', 1, 24),
('116.96.47.66', '2024-01-10 10:58:59', '2024-01-10 10:58:59', 1, 25),
('118.69.54.37', '2024-01-10 10:20:08', '2024-01-10 10:20:08', 1, 26),
('118.70.125.152', '2024-01-10 06:19:52', '2024-01-10 06:19:52', 1, 27),
('118.70.133.195', '2024-01-10 06:41:33', '2024-01-10 06:41:54', 2, 28),
('118.70.180.127', '2024-01-10 14:30:22', '2024-01-10 14:42:05', 14, 29),
('118.70.182.242', '2024-01-10 06:57:07', '2024-01-10 06:57:07', 1, 30),
('118.70.48.14', '2024-01-10 11:02:15', '2024-01-10 11:02:43', 2, 31),
('118.70.67.62', '2024-01-10 04:38:52', '2024-01-10 04:39:48', 6, 32),
('118.71.137.228', '2024-01-10 04:49:14', '2024-01-10 04:49:14', 1, 33),
('118.71.204.98', '2024-01-10 02:11:06', '2024-01-10 02:12:37', 2, 34),
('118.71.209.79', '2024-01-10 15:52:57', '2024-01-10 15:52:57', 1, 35),
('123.16.55.208', '2024-01-10 13:31:26', '2024-01-10 13:36:13', 4, 36),
('123.24.143.172', '2024-01-10 05:51:46', '2024-01-10 05:53:04', 3, 37),
('14.161.35.153', '2024-01-10 04:45:55', '2024-01-10 04:46:39', 3, 38),
('14.169.56.183', '2024-01-10 04:16:15', '2024-01-10 04:16:15', 1, 39),
('14.174.115.73', '2024-01-10 12:57:58', '2024-01-10 12:57:58', 1, 40),
('14.191.10.3', '2024-01-10 03:51:17', '2024-01-10 03:59:42', 4, 41),
('14.224.150.197', '2024-01-10 06:54:45', '2024-01-10 06:54:45', 1, 42),
('14.224.153.119', '2024-01-10 09:38:34', '2024-01-10 09:40:16', 3, 43),
('14.226.25.207', '2024-01-10 14:55:44', '2024-01-10 14:55:44', 1, 44),
('14.232.166.121', '2024-01-10 06:23:24', '2024-01-10 06:25:54', 3, 45),
('14.235.215.164', '2024-01-10 04:01:08', '2024-01-10 06:40:48', 2, 46),
('14.241.226.152', '2024-01-10 07:20:39', '2024-01-10 07:20:39', 1, 47),
('14.241.240.244', '2024-01-10 08:01:20', '2024-01-10 08:01:20', 1, 48),
('171.224.175.193', '2024-01-10 04:12:34', '2024-01-10 04:12:34', 1, 49),
('171.224.179.158', '2024-01-10 03:28:43', '2024-01-10 03:28:43', 1, 50),
('171.225.249.122', '2024-01-10 07:42:58', '2024-01-10 07:44:08', 4, 51),
('171.233.212.197', '2024-01-10 14:58:03', '2024-01-10 15:00:50', 6, 52),
('171.236.57.213', '2024-01-10 04:04:30', '2024-01-10 04:04:30', 1, 53),
('171.237.213.69', '2024-01-10 12:32:55', '2024-01-10 12:33:01', 2, 54),
('2001:ee0:1b02:e47c:dd35:7636:b47a:37de', '2024-01-10 03:29:14', '2024-01-10 03:29:14', 1, 55),
('2001:ee0:4f8d:5ea0:e579:7a03:64b8:6bbb', '2024-01-10 05:59:03', '2024-01-10 05:59:03', 1, 56),
('222.252.12.79', '2024-01-10 07:54:37', '2024-01-10 07:54:37', 1, 57),
('222.252.17.200', '2024-01-10 07:57:28', '2024-01-10 07:57:59', 3, 58),
('222.252.25.116', '2024-01-10 04:46:32', '2024-01-10 04:46:32', 1, 59),
('222.252.29.193', '2024-01-10 07:02:49', '2024-01-10 07:05:17', 5, 60),
('2402:800:613e:da7f:e095:652c:c499:ecd', '2024-01-10 11:29:26', '2024-01-10 12:13:41', 3, 61),
('2402:800:6170:1924:f45d:b524:e61b:9a07', '2024-01-10 07:21:05', '2024-01-10 07:21:49', 4, 62),
('2402:800:61b1:d84b:2922:fe17:db7a:b726', '2024-01-10 03:27:19', '2024-01-10 04:24:46', 3, 63),
('2402:800:61c5:59bb:3dab:4d3a:a118:ed27', '2024-01-10 10:15:11', '2024-01-10 10:15:48', 4, 64),
('2402:800:61c6:409c:31d4:af6b:3b23:dfa7', '2024-01-10 05:50:41', '2024-01-10 05:55:41', 3, 65),
('2402:800:61d3:2f55:cde9:f654:db78:1930', '2024-01-08 17:23:14', '2024-01-08 17:12:44', 11, 66),
('2402:800:62fa:4fb7:de57:52c4:d32b:4b60', '2024-01-10 15:43:42', '2024-01-10 15:43:42', 1, 67),
('2402:800:6313:8733:9475:16f1:160f:2d53', '2024-01-10 06:18:30', '2024-01-10 06:23:05', 5, 68),
('2402:800:6375:53b8:b006:1193:29f2:6eb', '2024-01-10 10:35:32', '2024-01-10 10:43:29', 3, 69),
('2402:800:6378:c653:5a94:31ff:46f4:8d91', '2024-01-10 12:17:04', '2024-01-10 12:17:25', 2, 70),
('2402:800:63b6:cab2:7de8:588b:e487:cac3', '2024-01-10 10:28:19', '2024-01-10 10:30:19', 6, 71),
('2402:800:63b6:e865:6965:c536:60a3:481f', '2024-01-10 06:42:13', '2024-01-10 06:42:58', 6, 72),
('2402:800:63e9:4164:c10c:a12e:3ee6:d947', '2024-01-10 07:29:25', '2024-01-10 07:30:11', 3, 73),
('2402:800:9e3f:e6a1:e911:2d4f:bcce:7c39', '2024-01-10 07:56:55', '2024-01-10 07:57:55', 4, 74),
('2402:800:bbba:4c47:5948:aae2:c95b:5b87', '2024-01-10 11:41:39', '2024-01-10 11:41:39', 1, 75),
('2405:4802:1c83:3690:f428:9046:be05:aad3', '2024-01-10 03:58:35', '2024-01-10 03:58:35', 1, 76),
('2405:4802:1c84:300:5cb4:f5a6:d6c6:f070', '2024-01-10 08:12:53', '2024-01-10 08:12:53', 1, 77),
('2405:4802:1c9c:32e0:606a:c3d4:6706:78ba', '2024-01-10 09:25:42', '2024-01-10 09:27:15', 4, 78),
('2405:4802:1ca4:5be0:2de4:971b:b3ea:8d9c', '2024-01-10 11:51:25', '2024-01-10 11:52:06', 3, 79),
('2405:4802:1cae:f940:a13d:f19f:d1af:2cb6', '2024-01-10 07:52:20', '2024-01-10 07:52:57', 3, 80),
('2405:4802:1cbd:9530:946b:921a:b64d:d3f4', '2024-01-10 03:53:56', '2024-01-10 03:55:18', 2, 81),
('2405:4802:1d15:d790:55c3:c0a6:d898:7ec1', '2024-01-08 17:23:14', '2024-01-08 11:53:45', 1, 82),
('2405:4802:1d15:d790:bd50:9039:76a4:cae5', '2024-01-10 05:53:13', '2024-01-10 05:53:39', 2, 83),
('2405:4802:1d77:49b0:40c0:83f4:3b19:bde8', '2024-01-10 00:52:14', '2024-01-10 00:53:07', 4, 84),
('2405:4802:1d77:a1e0:49dd:635:6752:159c', '2024-01-10 03:42:12', '2024-01-10 03:42:20', 2, 85),
('2405:4802:1d78:7aa0:24a0:bfed:8a9a:3089', '2024-01-10 15:49:32', '2024-01-10 15:49:48', 2, 86),
('2405:4802:1f91:be90:c91c:4caf:689b:49fe', '2024-01-10 06:06:23', '2024-01-10 06:06:37', 2, 87),
('2405:4802:80fe:de90:e944:f36f:3055:a01f', '2024-01-10 06:24:17', '2024-01-10 06:26:50', 4, 88),
('2405:4802:9112:a420:2cac:78df:f961:6d6f', '2024-01-10 09:03:48', '2024-01-10 09:04:09', 4, 89),
('2405:4802:b2b6:f190:21e4:edb2:abbb:15b1', '2024-01-10 06:06:29', '2024-01-10 06:06:43', 2, 90),
('2405:4803:c844:6a00:9df0:cc55:ae91:84a0', '2024-01-10 05:05:21', '2024-01-10 05:06:18', 4, 91),
('2405:4803:fbe5:f920:e068:3968:7f9f:4252', '2024-01-10 05:42:27', '2024-01-10 05:43:17', 4, 92),
('27.2.226.69', '2024-01-10 07:21:56', '2024-01-10 07:21:56', 1, 93),
('27.72.31.185', '2024-01-10 11:21:19', '2024-01-10 11:21:19', 1, 94),
('27.73.35.142', '2024-01-10 10:05:53', '2024-01-10 10:06:13', 3, 95),
('27.78.30.190', '2024-01-10 10:21:34', '2024-01-10 10:23:35', 3, 96),
('42.1.77.68', '2024-01-10 11:55:56', '2024-01-10 11:58:17', 5, 97),
('42.115.239.131', '2024-01-10 05:31:18', '2024-01-10 05:32:27', 3, 98),
('42.117.10.9', '2024-01-10 07:58:04', '2024-02-15 00:03:24', 2, 99),
('45.122.246.57', '2024-01-10 10:14:38', '2024-01-10 10:14:38', 1, 100),
('45.122.246.58', '2024-01-10 10:10:39', '2024-01-10 10:10:39', 1, 101),
('58.186.29.112', '2024-01-10 07:19:10', '2024-01-10 07:19:10', 1, 102),
('58.186.90.210', '2024-01-10 14:50:20', '2024-01-10 14:50:20', 1, 103),
('58.186.99.127', '2024-01-10 08:23:56', '2024-01-10 08:24:28', 2, 104),
('58.187.151.116', '2024-01-10 07:03:25', '2024-01-10 07:03:54', 2, 105),
('58.187.192.97', '2024-01-10 06:54:18', '2024-01-10 06:55:12', 5, 106),
('58.187.231.211', '2024-01-10 03:17:32', '2024-01-10 03:17:32', 1, 107),
('66.249.65.65', '2024-01-09 10:18:38', '2024-01-09 10:18:38', 1, 108),
('66.249.65.74', '2024-01-09 11:48:35', '2024-01-09 11:48:35', 1, 109),
('66.249.74.36', '2024-01-10 18:24:19', '2024-01-10 18:24:19', 1, 110),
('14.191.161.28', '2024-01-10 18:45:10', '2024-01-10 18:45:35', 2, 111),
('2405:4802:1d9c:660:c951:c9a7:2cab:f1c0', '2024-01-10 19:16:04', '2024-01-10 19:16:04', 1, 112),
('66.249.74.37', '2024-01-10 19:44:16', '2024-06-14 20:49:28', 2, 113),
('42.114.171.222', '2024-01-10 20:14:58', '2024-01-10 20:16:01', 3, 114),
('2405:4800:5f31:5e00:895b:4945:2873:3260', '2024-01-10 20:35:13', '2024-01-10 20:35:54', 5, 115),
('2a09:bac1:7ac0:50::246:5f', '2024-01-10 23:52:13', '2024-01-10 23:52:42', 2, 116),
('113.185.43.198', '2024-01-11 00:22:14', '2024-01-11 00:22:57', 2, 117),
('59.153.238.36', '2024-01-11 00:38:35', '2024-01-11 00:38:35', 1, 118),
('2402:9d80:24a:c681:1444:ebf6:3bd2:483f', '2024-01-11 00:39:42', '2024-01-11 00:39:42', 1, 119),
('113.161.50.174', '2024-01-11 01:24:28', '2024-01-11 01:24:28', 1, 120),
('113.161.52.175', '2024-01-11 01:26:10', '2024-01-11 01:26:10', 1, 121),
('66.249.74.46', '2024-01-11 01:46:12', '2024-01-11 01:46:12', 1, 122),
('58.187.25.188', '2024-01-11 02:01:18', '2024-01-11 02:02:13', 5, 123),
('2405:4800:5715:1405:9489:bb5c:eb76:69e5', '2024-01-11 02:03:59', '2024-01-11 02:03:59', 1, 124),
('2405:4802:437:a390:d070:5787:5eb9:f306', '2024-01-11 03:45:00', '2024-01-11 03:45:00', 1, 125),
('74.15.254.223', '2024-01-11 05:08:57', '2024-01-11 05:08:57', 1, 126),
('2405:4800:1f0a:9200:c0dc:9bf:fa45:6b49', '2024-01-11 08:03:36', '2024-01-11 08:03:43', 2, 127),
('183.80.181.22', '2024-01-11 09:28:33', '2024-01-11 09:28:33', 1, 128),
('1.53.8.89', '2024-01-11 09:28:52', '2024-01-11 09:33:28', 3, 129),
('117.2.113.80', '2024-01-11 09:33:39', '2024-01-11 09:33:39', 1, 130),
('58.187.228.57', '2024-01-11 09:52:42', '2024-01-25 20:18:53', 230, 131),
('2405:4803:fc28:3300:f59c:c5fd:59a0:9ae2', '2024-01-11 10:11:15', '2024-01-11 10:11:35', 2, 132),
('45.117.179.161', '2024-01-11 13:40:51', '2024-01-11 13:41:41', 4, 133),
('66.249.77.76', '2024-01-11 15:35:40', '2024-01-11 15:35:40', 1, 134),
('2402:800:6170:23f0:2b51:89d7:8e25:fa92', '2024-01-11 15:45:41', '2024-01-11 15:46:26', 5, 135),
('123.21.225.111', '2024-01-11 16:13:35', '2024-01-11 16:14:47', 2, 136),
('171.241.24.89', '2024-01-11 17:15:53', '2024-01-11 17:17:54', 3, 137),
('2405:4802:1bf4:f640:41f0:7638:230a:604c', '2024-01-11 18:35:27', '2024-01-11 18:35:41', 2, 138),
('2402:800:63b8:817b:ddee:c434:fe28:b65c', '2024-01-11 23:11:00', '2024-01-11 23:13:06', 6, 139),
('58.186.196.28', '2024-01-12 01:46:25', '2024-01-12 01:46:25', 1, 140),
('116.96.45.77', '2024-01-12 04:29:13', '2024-01-12 04:30:09', 4, 141),
('14.169.2.209', '2024-01-12 04:48:06', '2024-01-12 04:48:06', 1, 142),
('113.176.195.191', '2024-01-12 08:57:20', '2024-01-12 09:02:03', 6, 143),
('123.24.62.30', '2024-01-12 11:17:05', '2024-01-12 11:17:05', 1, 144),
('2405:4802:9171:7ae0:96e:9d7b:add1:69fd', '2024-01-12 12:37:34', '2024-01-12 12:37:34', 1, 145),
('66.249.66.77', '2024-01-12 12:53:08', '2024-01-12 12:53:08', 1, 146),
('171.243.48.69', '2024-01-12 15:40:03', '2024-01-12 15:40:03', 1, 147),
('2402:800:63ed:75f8:4089:1569:b91c:b47b', '2024-01-12 15:59:44', '2024-01-12 15:59:44', 1, 148),
('171.224.179.127', '2024-01-12 16:35:15', '2024-01-12 16:36:23', 3, 149),
('14.177.15.61', '2024-01-12 16:56:27', '2024-01-12 16:58:52', 4, 150),
('42.119.209.6', '2024-01-12 16:56:37', '2024-01-12 16:56:37', 1, 151),
('2405:4802:1d9c:660:8092:c73b:360c:7875', '2024-01-12 18:42:25', '2024-01-12 18:42:25', 1, 152),
('2a09:bac5:d459:16d2::246:b6', '2024-01-12 19:06:22', '2024-01-12 19:06:22', 1, 153),
('2001:ee0:40c1:9183:d407:f322:5083:d8c', '2024-01-13 01:49:13', '2024-01-13 01:50:56', 3, 154),
('2405:4802:8115:74a0:1d19:fc22:dea9:59a4', '2024-01-13 08:11:51', '2024-01-13 08:11:51', 1, 155),
('171.250.64.87', '2024-01-13 09:30:28', '2024-01-13 09:31:34', 5, 156),
('58.187.251.170', '2024-01-13 11:30:29', '2024-01-18 02:48:34', 5, 157),
('2001:ee0:4891:da10:3c88:c917:a73b:2791', '2024-01-13 11:43:48', '2024-01-13 11:43:48', 1, 158),
('14.162.30.16', '2024-01-13 12:13:34', '2024-01-13 12:13:34', 1, 159),
('2001:ee0:56dc:8fa0:598d:1a0a:cb52:4bd1', '2024-01-13 12:41:27', '2024-01-13 12:41:56', 2, 160),
('42.1.77.49', '2024-01-13 13:17:55', '2024-01-13 13:17:55', 1, 161),
('66.249.79.106', '2024-01-13 16:28:41', '2024-01-13 16:28:41', 1, 162),
('66.249.79.98', '2024-01-13 19:43:28', '2024-01-13 19:43:28', 1, 163),
('66.249.79.107', '2024-01-13 19:57:38', '2024-01-13 19:57:38', 1, 164),
('2402:9d80:24e:31a9:6041:653e:e50a:a3f4', '2024-01-13 20:05:31', '2024-01-13 20:05:48', 2, 165),
('66.249.79.105', '2024-01-14 07:13:28', '2024-01-14 07:13:28', 1, 166),
('58.187.171.164', '2024-01-14 17:36:26', '2024-01-14 17:38:38', 2, 167),
('2405:4802:1d9c:660:61f1:4879:4589:a6af', '2024-01-14 18:07:33', '2024-01-14 18:07:33', 1, 168),
('66.249.66.78', '2024-01-14 22:54:39', '2024-01-14 22:54:39', 1, 169),
('2001:ee0:4141:d390:95d3:2927:573d:f41a', '2024-01-15 00:00:47', '2024-01-15 00:00:47', 1, 170),
('2405:4802:3c:91f0:107c:d4e5:baf5:b6e6', '2024-01-15 00:02:19', '2024-01-15 00:02:19', 1, 171),
('203.128.245.194', '2024-01-15 05:37:17', '2024-01-15 05:37:17', 1, 172),
('14.232.227.168', '2024-01-15 07:06:21', '2024-01-15 07:06:21', 1, 173),
('115.73.29.153', '2024-01-15 09:47:25', '2024-01-17 02:53:24', 6, 174),
('66.249.66.87', '2024-01-15 14:42:43', '2024-01-16 16:40:32', 2, 175),
('112.197.200.166', '2024-01-16 04:48:01', '2024-03-26 10:37:42', 6, 176),
('2401:d800:5ee3:c5f6:220b:9ead:7327:5a0c', '2024-01-16 05:18:11', '2024-01-16 05:18:30', 2, 177),
('116.108.156.180', '2024-01-16 15:22:05', '2024-01-16 15:23:10', 5, 178),
('66.249.66.86', '2024-01-16 22:47:30', '2024-01-16 22:47:30', 1, 179),
('65.154.226.169', '2024-01-17 04:43:31', '2024-01-17 04:43:31', 1, 180),
('205.169.39.251', '2024-01-17 04:44:02', '2024-01-17 04:44:16', 2, 181),
('2a09:bac5:d45f:16dc::247:43', '2024-01-17 06:37:37', '2024-01-17 06:37:37', 1, 182),
('1.55.71.222', '2024-01-17 11:21:09', '2024-01-17 11:21:24', 3, 183),
('115.73.107.175', '2024-01-17 13:21:47', '2024-01-17 13:22:02', 2, 184),
('222.253.144.196', '2024-01-18 06:22:27', '2024-01-18 06:22:36', 2, 185),
('222.253.144.157', '2024-01-18 06:22:49', '2024-01-18 06:23:31', 3, 186),
('113.161.85.254', '2024-01-18 06:22:51', '2024-01-18 06:22:51', 1, 187),
('149.18.84.9', '2024-01-18 17:04:08', '2024-01-18 17:04:08', 1, 188),
('171.253.133.65', '2024-01-18 19:13:59', '2024-01-18 19:13:59', 1, 189),
('65.154.226.167', '2024-01-18 21:14:52', '2024-01-18 21:14:52', 1, 190),
('66.249.66.71', '2024-01-18 22:11:43', '2024-06-28 09:34:25', 21, 191),
('27.72.105.120', '2024-01-19 02:27:55', '2024-01-19 02:28:14', 2, 192),
('116.110.90.125', '2024-01-19 04:23:57', '2024-01-19 04:23:57', 1, 193),
('1.54.115.106', '2024-01-19 04:58:20', '2024-01-19 04:58:20', 1, 194),
('66.249.66.72', '2024-01-19 07:56:26', '2024-06-29 06:20:37', 12, 195),
('58.186.64.177', '2024-01-19 09:35:22', '2024-01-19 09:35:22', 1, 196),
('58.187.250.55', '2024-01-19 12:38:48', '2024-01-19 12:39:03', 2, 197),
('42.118.139.59', '2024-01-19 12:54:36', '2024-01-19 12:55:18', 7, 198),
('103.199.33.219', '2024-01-20 02:00:24', '2024-01-20 02:00:57', 4, 199),
('171.224.178.111', '2024-01-20 09:39:39', '2024-01-20 09:39:39', 1, 200),
('27.78.41.134', '2024-01-21 09:00:38', '2024-01-21 09:04:54', 10, 201),
('113.190.37.142', '2024-01-22 09:01:18', '2024-01-22 09:01:50', 3, 202),
('118.70.146.171', '2024-01-22 09:20:43', '2024-01-22 09:20:43', 1, 203),
('222.252.25.178', '2024-01-22 09:21:03', '2024-01-22 09:21:20', 2, 204),
('118.70.184.62', '2024-01-22 09:21:18', '2024-01-22 09:21:36', 4, 205),
('112.197.8.70', '2024-01-22 16:50:37', '2024-02-06 20:40:15', 2, 206),
('66.249.66.69', '2024-01-22 20:27:18', '2024-01-22 20:27:18', 1, 207),
('112.197.12.69', '2024-01-22 21:16:57', '2024-01-22 21:16:57', 1, 208),
('66.249.66.73', '2024-01-22 21:24:12', '2024-02-18 12:23:12', 8, 209),
('58.187.75.5', '2024-01-23 07:26:47', '2024-01-23 07:26:47', 1, 210),
('66.249.74.40', '2024-01-23 14:51:42', '2024-01-23 14:51:42', 1, 211),
('113.185.43.225', '2024-01-23 15:06:56', '2024-01-23 15:06:56', 1, 212),
('66.249.66.83', '2024-01-25 03:01:28', '2024-01-26 07:47:11', 3, 213),
('167.99.45.17', '2024-01-25 10:27:26', '2024-01-25 10:27:26', 1, 214),
('42.114.170.250', '2024-01-25 20:51:02', '2024-02-08 07:07:04', 100, 215),
('66.249.66.88', '2024-01-26 02:38:25', '2024-01-26 02:38:25', 1, 216),
('1.55.68.46', '2024-01-26 12:28:43', '2024-01-26 12:28:43', 1, 217),
('115.76.48.86', '2024-01-26 16:08:58', '2024-01-26 16:08:58', 1, 218),
('34.253.208.13', '2024-01-27 14:07:10', '2024-01-27 14:07:10', 1, 219),
('104.28.254.75', '2024-01-28 06:40:47', '2024-01-28 06:42:13', 5, 220),
('66.249.77.72', '2024-02-01 10:01:57', '2024-02-01 10:01:57', 1, 221),
('66.249.79.6', '2024-02-01 17:26:38', '2024-02-01 17:26:38', 1, 222),
('66.249.79.7', '2024-02-01 18:07:31', '2024-02-01 20:00:44', 2, 223),
('66.249.79.8', '2024-02-02 01:13:28', '2024-02-02 01:13:28', 1, 224),
('112.197.13.71', '2024-02-02 14:33:06', '2024-02-02 14:33:06', 1, 225),
('66.249.66.70', '2024-02-06 13:37:44', '2024-02-06 13:37:44', 1, 226),
('65.154.226.170', '2024-02-07 04:11:23', '2024-06-08 09:02:51', 2, 227),
('112.197.6.5', '2024-02-07 08:41:42', '2024-02-07 08:41:42', 1, 228),
('65.154.226.168', '2024-02-07 17:20:54', '2024-02-07 17:20:54', 1, 229),
('66.249.79.171', '2024-02-07 21:25:28', '2024-05-24 03:49:11', 2, 230),
('66.249.66.82', '2024-02-09 04:29:44', '2024-02-09 06:03:50', 2, 231),
('66.249.71.7', '2024-02-10 00:19:34', '2024-07-05 17:00:04', 15, 232),
('66.249.75.133', '2024-02-11 01:54:38', '2024-02-11 01:54:38', 1, 233),
('180.149.10.78', '2024-02-11 05:21:18', '2024-02-11 05:21:18', 1, 234),
('74.85.210.33', '2024-02-11 05:22:56', '2024-02-11 05:22:56', 1, 235),
('183.80.56.174', '2024-02-11 05:57:37', '2024-02-15 12:15:59', 22, 236),
('66.249.79.169', '2024-02-14 19:25:59', '2024-07-08 17:36:10', 2, 237),
('66.249.75.132', '2024-02-15 11:16:57', '2024-02-15 11:16:57', 1, 238),
('116.108.33.136', '2024-02-15 13:13:07', '2024-02-18 09:01:38', 2, 239),
('66.249.77.73', '2024-02-15 18:46:57', '2024-02-15 18:46:57', 1, 240),
('35.235.103.218', '2024-02-15 19:03:03', '2024-02-15 19:03:54', 2, 241),
('35.236.209.163', '2024-02-16 01:18:01', '2024-02-16 01:19:17', 2, 242),
('66.249.72.137', '2024-02-16 01:53:11', '2024-07-02 07:59:09', 2, 243),
('1.55.254.45', '2024-02-16 09:40:55', '2024-02-16 19:29:58', 5, 244),
('112.197.13.74', '2024-02-18 09:11:50', '2024-02-18 09:11:50', 1, 245),
('42.114.121.191', '2024-02-18 09:57:13', '2024-02-19 07:17:01', 9, 246),
('66.249.71.6', '2024-02-20 22:49:27', '2024-07-02 10:54:04', 9, 247),
('203.205.32.65', '2024-02-21 01:05:32', '2024-02-21 01:06:12', 3, 248),
('1.55.14.244', '2024-02-21 05:06:17', '2024-02-21 06:11:16', 4, 249),
('27.2.194.68', '2024-02-21 05:06:43', '2024-02-21 05:06:43', 1, 250),
('34.94.189.193', '2024-02-21 17:39:57', '2024-02-21 17:40:55', 2, 251),
('42.113.220.208', '2024-02-23 20:17:57', '2024-02-24 04:39:04', 7, 252),
('1.54.215.200', '2024-02-24 13:00:35', '2024-02-24 13:00:35', 1, 253),
('1.53.223.118', '2024-02-27 09:55:32', '2024-03-03 15:45:46', 42, 254),
('113.190.233.30', '2024-02-29 07:15:44', '2024-02-29 07:15:56', 3, 255),
('66.249.71.8', '2024-03-03 08:37:44', '2024-07-08 17:24:41', 8, 256),
('125.235.62.219', '2024-03-04 06:49:27', '2024-03-04 06:58:13', 2, 257),
('116.105.152.218', '2024-03-04 08:11:00', '2024-03-04 08:11:00', 1, 258),
('66.249.79.170', '2024-03-09 09:10:38', '2024-04-07 09:28:32', 2, 259),
('14.232.179.93', '2024-03-09 17:41:17', '2024-03-09 17:41:17', 1, 260),
('42.113.61.189', '2024-03-14 08:32:22', '2024-03-26 17:22:53', 71, 261),
('202.60.105.229', '2024-03-15 09:32:54', '2024-05-30 08:27:38', 3, 262),
('112.197.13.75', '2024-03-15 13:57:49', '2024-03-15 13:57:49', 1, 263),
('116.108.11.1', '2024-03-15 21:15:10', '2024-03-15 21:15:27', 2, 264),
('65.154.226.166', '2024-03-18 21:28:53', '2024-05-18 09:04:14', 3, 265),
('205.169.39.158', '2024-03-18 21:29:05', '2024-03-18 21:29:26', 2, 266),
('65.154.226.171', '2024-03-19 10:05:36', '2024-03-19 10:05:36', 1, 267),
('157.245.68.119', '2024-03-20 07:22:02', '2024-03-20 07:22:02', 1, 268),
('171.224.19.121', '2024-03-21 17:06:38', '2024-03-21 17:06:38', 1, 269),
('66.249.72.8', '2024-03-21 23:12:17', '2024-03-21 23:12:17', 1, 270),
('42.114.185.173', '2024-03-22 14:19:37', '2024-03-22 14:19:37', 1, 271),
('112.197.8.71', '2024-03-23 20:44:34', '2024-03-23 20:44:34', 1, 272),
('112.197.5.199', '2024-03-26 10:37:57', '2024-03-26 10:37:57', 1, 273),
('66.249.72.7', '2024-03-27 00:25:52', '2024-06-11 23:30:09', 5, 274),
('118.70.129.224', '2024-03-27 06:57:46', '2024-03-27 06:57:57', 2, 275),
('42.114.151.14', '2024-03-27 15:01:39', '2024-04-10 18:09:31', 122, 276),
('116.108.127.56', '2024-03-30 05:49:15', '2024-03-30 05:49:15', 1, 277),
('66.249.72.6', '2024-03-30 23:25:49', '2024-04-02 16:56:19', 3, 278),
('54.245.193.127', '2024-04-02 21:57:49', '2024-05-25 20:08:08', 2, 279),
('183.80.57.30', '2024-04-05 17:54:53', '2024-04-05 17:54:53', 1, 280),
('27.70.72.65', '2024-04-10 08:54:23', '2024-04-10 08:54:41', 3, 281),
('42.116.147.113', '2024-04-11 18:11:02', '2024-04-25 15:06:35', 23, 282),
('66.249.77.9', '2024-04-13 18:06:58', '2024-06-24 04:05:56', 2, 283),
('116.102.33.74', '2024-04-20 10:36:11', '2024-04-20 10:36:48', 2, 284),
('42.114.39.131', '2024-05-04 03:25:45', '2024-05-05 15:53:28', 11, 285),
('42.114.39.195', '2024-05-07 11:07:39', '2024-05-16 19:10:13', 90, 286),
('171.224.177.157', '2024-05-09 03:48:21', '2024-05-09 06:03:15', 4, 287),
('171.224.181.238', '2024-05-11 19:52:11', '2024-05-11 19:52:11', 1, 288),
('66.249.74.42', '2024-05-11 20:22:39', '2024-05-11 20:22:39', 1, 289),
('66.249.74.41', '2024-05-12 08:24:17', '2024-05-12 08:24:17', 1, 290),
('116.108.132.226', '2024-05-12 14:41:04', '2024-05-23 13:48:28', 5, 291),
('18.237.151.1', '2024-05-14 22:43:24', '2024-05-14 22:43:24', 1, 292),
('58.186.68.134', '2024-05-15 05:11:24', '2024-05-15 05:12:42', 2, 293),
('112.197.8.73', '2024-05-15 05:11:34', '2024-05-15 05:11:34', 1, 294),
('162.55.182.254', '2024-05-15 15:38:35', '2024-05-15 15:38:35', 1, 295),
('66.249.64.105', '2024-05-17 10:37:57', '2024-07-05 16:35:07', 4, 296),
('167.235.145.163', '2024-05-17 14:26:49', '2024-05-17 14:26:49', 1, 297),
('42.114.184.48', '2024-05-17 14:26:59', '2024-05-19 08:10:21', 20, 298),
('34.72.176.129', '2024-05-18 09:03:55', '2024-05-18 09:03:55', 1, 299),
('205.169.39.225', '2024-05-18 17:46:22', '2024-05-18 17:46:30', 2, 300),
('42.114.186.120', '2024-05-21 05:33:11', '2024-05-22 05:52:35', 15, 301),
('206.189.10.242', '2024-05-21 12:18:31', '2024-05-21 12:18:31', 1, 302),
('42.114.185.93', '2024-05-21 12:21:33', '2024-05-21 12:21:33', 1, 303),
('42.114.151.91', '2024-05-24 19:45:34', '2024-05-30 12:09:17', 55, 304),
('162.55.182.101', '2024-05-24 19:48:39', '2024-05-28 12:58:33', 2, 305),
('66.249.66.85', '2024-05-28 02:16:58', '2024-05-28 02:16:58', 1, 306),
('171.246.171.66', '2024-05-29 07:56:13', '2024-05-29 07:56:13', 1, 307),
('59.153.251.48', '2024-05-29 07:57:25', '2024-05-29 07:57:25', 1, 308),
('118.70.211.234', '2024-05-29 07:57:28', '2024-05-31 07:51:12', 4, 309),
('27.3.249.95', '2024-05-29 07:57:32', '2024-05-29 07:59:28', 3, 310),
('14.226.7.75', '2024-05-29 07:58:19', '2024-05-29 07:58:46', 2, 311),
('171.253.41.132', '2024-05-29 07:58:56', '2024-05-29 07:58:56', 1, 312),
('1.54.7.68', '2024-05-29 07:59:23', '2024-05-29 07:59:23', 1, 313),
('113.173.53.226', '2024-05-29 07:59:28', '2024-05-29 07:59:28', 1, 314),
('1.52.41.23', '2024-05-29 08:04:03', '2024-05-29 08:04:17', 2, 315),
('1.52.221.215', '2024-05-29 08:04:21', '2024-05-29 08:04:45', 5, 316),
('58.187.228.111', '2024-05-29 08:04:41', '2024-05-29 08:04:41', 1, 317),
('171.239.142.101', '2024-05-29 08:04:50', '2024-05-29 08:04:50', 1, 318),
('104.28.222.75', '2024-05-29 08:04:56', '2024-05-30 13:44:38', 21, 319),
('222.252.27.56', '2024-05-29 08:05:23', '2024-05-29 08:05:23', 1, 320),
('14.160.25.79', '2024-05-29 08:05:53', '2024-05-29 08:06:28', 3, 321),
('113.178.52.84', '2024-05-29 08:05:54', '2024-05-29 08:05:54', 1, 322),
('27.70.186.2', '2024-05-29 08:06:00', '2024-05-29 08:06:00', 1, 323),
('222.252.31.153', '2024-05-29 08:06:18', '2024-05-29 08:06:18', 1, 324),
('14.169.47.244', '2024-05-29 08:06:39', '2024-05-30 08:19:51', 2, 325),
('42.118.135.64', '2024-05-29 08:07:41', '2024-05-29 08:08:12', 2, 326),
('27.79.130.131', '2024-05-29 08:08:55', '2024-05-29 08:08:55', 1, 327),
('42.112.244.208', '2024-05-29 08:10:42', '2024-05-29 08:10:42', 1, 328),
('14.169.30.25', '2024-05-29 08:10:54', '2024-05-29 08:10:54', 1, 329),
('108.249.34.84', '2024-05-29 08:12:07', '2024-05-29 08:13:20', 2, 330),
('118.69.36.136', '2024-05-29 08:12:23', '2024-05-29 08:13:20', 9, 331),
('1.55.200.173', '2024-05-29 08:13:17', '2024-05-29 08:13:17', 1, 332),
('66.249.79.102', '2024-05-29 19:19:53', '2024-05-29 19:19:53', 1, 333),
('66.249.82.136', '2024-05-29 21:01:03', '2024-05-29 21:01:03', 1, 334),
('171.224.179.124', '2024-05-30 07:55:48', '2024-05-30 08:00:01', 5, 335),
('14.186.237.24', '2024-05-30 07:57:30', '2024-05-30 07:57:30', 1, 336),
('116.98.252.238', '2024-05-30 07:58:49', '2024-05-30 07:58:49', 1, 337),
('1.53.126.9', '2024-05-30 07:59:03', '2024-05-30 08:16:18', 2, 338),
('14.240.12.216', '2024-05-30 07:59:08', '2024-06-14 14:45:07', 34, 339),
('220.100.65.77', '2024-05-30 08:00:02', '2024-05-30 08:00:26', 2, 340),
('113.190.211.163', '2024-05-30 08:00:45', '2024-05-30 08:01:30', 9, 341),
('118.68.175.249', '2024-05-30 08:02:24', '2024-05-30 08:02:24', 1, 342),
('42.115.45.164', '2024-05-30 08:02:42', '2024-05-30 08:05:05', 5, 343),
('14.248.83.170', '2024-05-30 08:02:50', '2024-05-30 08:08:38', 5, 344),
('27.67.137.181', '2024-05-30 08:04:12', '2024-05-30 08:05:23', 7, 345),
('1.54.8.138', '2024-05-30 08:04:17', '2024-05-30 08:04:17', 1, 346),
('118.70.72.192', '2024-05-30 08:04:31', '2024-05-30 08:05:48', 3, 347),
('1.54.5.38', '2024-05-30 08:04:39', '2024-05-30 08:04:54', 2, 348),
('116.110.40.138', '2024-05-30 08:04:48', '2024-05-30 08:04:48', 1, 349),
('104.28.205.71', '2024-05-30 08:04:53', '2024-05-30 08:07:49', 2, 350),
('27.78.233.12', '2024-05-30 08:04:54', '2024-05-30 08:04:54', 1, 351),
('222.252.38.114', '2024-05-30 08:05:03', '2024-05-30 08:05:03', 1, 352),
('1.54.211.28', '2024-05-30 08:05:28', '2024-05-30 08:35:14', 2, 353),
('113.161.73.121', '2024-05-30 08:05:30', '2024-05-30 08:05:30', 1, 354),
('115.78.0.188', '2024-05-30 08:05:36', '2024-05-30 08:05:36', 1, 355),
('42.116.127.80', '2024-05-30 08:06:04', '2024-05-30 08:06:04', 1, 356),
('116.105.37.227', '2024-05-30 08:06:32', '2024-05-30 08:06:32', 1, 357),
('14.167.241.203', '2024-05-30 08:06:42', '2024-05-30 08:06:51', 2, 358),
('42.117.198.14', '2024-05-30 08:06:42', '2024-05-30 08:06:59', 2, 359),
('14.177.246.10', '2024-05-30 08:06:42', '2024-05-30 08:06:42', 1, 360),
('113.185.76.146', '2024-05-30 08:06:49', '2024-05-30 08:06:49', 1, 361),
('14.169.61.247', '2024-05-30 08:06:55', '2024-05-30 08:07:08', 2, 362),
('118.70.150.119', '2024-05-30 08:07:37', '2024-05-30 08:07:37', 1, 363),
('118.68.165.106', '2024-05-30 08:07:44', '2024-05-30 08:07:44', 1, 364),
('171.250.73.7', '2024-05-30 08:07:45', '2024-05-30 08:07:45', 1, 365),
('116.96.47.91', '2024-05-30 08:08:00', '2024-05-30 08:08:00', 1, 366),
('118.71.135.74', '2024-05-30 08:08:01', '2024-05-30 08:08:01', 1, 367),
('42.116.184.219', '2024-05-30 08:08:02', '2024-05-30 08:08:02', 1, 368),
('42.118.145.14', '2024-05-30 08:08:08', '2024-05-30 08:08:08', 1, 369),
('27.71.79.237', '2024-05-30 08:08:14', '2024-05-30 08:09:04', 4, 370),
('42.116.162.206', '2024-05-30 08:08:32', '2024-05-30 08:08:32', 1, 371),
('103.199.33.3', '2024-05-30 08:08:34', '2024-05-30 08:12:03', 4, 372),
('113.185.46.179', '2024-05-30 08:08:51', '2024-05-30 08:09:15', 2, 373),
('113.169.33.144', '2024-05-30 08:08:59', '2024-05-30 08:08:59', 1, 374),
('42.118.61.22', '2024-05-30 08:09:05', '2024-05-30 08:09:05', 1, 375),
('116.96.206.102', '2024-05-30 08:09:17', '2024-05-30 08:09:17', 1, 376),
('116.111.121.190', '2024-05-30 08:09:23', '2024-05-30 08:09:42', 2, 377),
('116.111.184.54', '2024-05-30 08:09:25', '2024-05-30 08:09:25', 1, 378),
('118.69.91.180', '2024-05-30 08:09:38', '2024-05-30 08:09:38', 1, 379),
('113.161.8.2', '2024-05-30 08:09:52', '2024-05-30 08:09:52', 1, 380),
('42.118.186.57', '2024-05-30 08:10:47', '2024-05-30 08:10:47', 1, 381),
('113.161.95.192', '2024-05-30 08:10:52', '2024-05-30 08:10:52', 1, 382),
('42.113.156.128', '2024-05-30 08:10:53', '2024-05-30 08:10:53', 1, 383),
('58.186.240.8', '2024-05-30 08:11:00', '2024-05-30 08:11:00', 1, 384),
('117.2.235.174', '2024-05-30 08:11:11', '2024-05-30 08:13:14', 2, 385),
('14.161.13.253', '2024-05-30 08:11:22', '2024-05-30 08:11:55', 3, 386),
('113.190.252.117', '2024-05-30 08:11:59', '2024-05-30 08:12:05', 2, 387),
('27.75.111.35', '2024-05-30 08:12:46', '2024-05-30 08:12:46', 1, 388),
('42.114.126.248', '2024-05-30 08:13:00', '2024-05-30 08:13:00', 1, 389),
('58.186.248.24', '2024-05-30 08:13:11', '2024-05-30 08:13:11', 1, 390),
('14.191.98.91', '2024-05-30 08:13:15', '2024-05-30 08:13:15', 1, 391),
('117.2.143.14', '2024-05-30 08:13:25', '2024-05-30 08:13:36', 2, 392),
('113.190.141.12', '2024-05-30 08:13:38', '2024-05-30 08:13:38', 1, 393),
('1.55.210.4', '2024-05-30 08:13:47', '2024-05-30 08:16:54', 6, 394),
('116.102.238.5', '2024-05-30 08:13:56', '2024-05-30 08:14:45', 2, 395),
('14.241.123.73', '2024-05-30 08:14:00', '2024-05-30 08:14:00', 1, 396),
('14.248.225.183', '2024-05-30 08:14:01', '2024-05-30 08:14:26', 2, 397),
('113.160.75.196', '2024-05-30 08:14:15', '2024-05-30 08:14:30', 2, 398),
('118.69.28.65', '2024-05-30 08:15:41', '2024-05-30 08:15:41', 1, 399),
('27.74.255.96', '2024-05-30 08:16:13', '2024-05-30 08:16:25', 2, 400),
('115.72.61.197', '2024-05-30 08:16:45', '2024-05-30 08:16:45', 1, 401),
('42.114.185.74', '2024-05-30 08:17:06', '2024-05-30 08:17:29', 6, 402),
('42.116.23.212', '2024-05-30 08:17:14', '2024-05-30 08:17:14', 1, 403),
('112.197.8.74', '2024-05-30 08:17:34', '2024-05-30 08:17:34', 1, 404),
('14.190.228.12', '2024-05-30 08:18:00', '2024-05-30 08:18:00', 1, 405),
('14.226.237.157', '2024-05-30 08:18:14', '2024-05-30 08:18:14', 1, 406),
('103.156.58.63', '2024-05-30 08:18:18', '2024-05-30 08:18:18', 1, 407),
('171.252.35.191', '2024-05-30 08:19:02', '2024-05-30 08:19:02', 1, 408),
('103.122.162.214', '2024-05-30 08:19:07', '2024-05-30 08:19:07', 1, 409),
('1.52.248.203', '2024-05-30 08:19:10', '2024-05-30 08:19:32', 2, 410),
('14.187.231.82', '2024-05-30 08:19:25', '2024-05-30 08:19:57', 2, 411),
('27.3.121.109', '2024-05-30 08:19:28', '2024-05-30 08:19:28', 1, 412),
('171.226.28.141', '2024-05-30 08:19:42', '2024-05-30 08:19:42', 1, 413),
('27.74.254.202', '2024-05-30 08:19:45', '2024-05-30 08:19:45', 1, 414),
('58.186.68.93', '2024-05-30 08:20:08', '2024-05-30 08:20:20', 2, 415),
('171.243.49.46', '2024-05-30 08:21:00', '2024-05-30 08:35:40', 7, 416),
('27.79.166.155', '2024-05-30 08:21:08', '2024-05-30 08:21:33', 3, 417),
('34.81.104.58', '2024-05-30 08:21:50', '2024-05-30 08:21:50', 1, 418),
('123.21.33.242', '2024-05-30 08:22:00', '2024-05-30 08:22:00', 1, 419),
('14.248.83.99', '2024-05-30 08:22:09', '2024-05-30 08:22:09', 1, 420),
('113.161.74.94', '2024-05-30 08:23:00', '2024-05-30 08:23:00', 1, 421),
('171.224.129.98', '2024-05-30 08:23:17', '2024-05-30 08:36:34', 4, 422),
('14.191.62.208', '2024-05-30 08:23:37', '2024-05-30 08:23:48', 2, 423),
('14.191.197.92', '2024-05-30 08:23:38', '2024-05-30 08:23:38', 1, 424),
('113.22.84.209', '2024-05-30 08:23:57', '2024-05-30 08:23:57', 1, 425),
('27.79.249.91', '2024-05-30 08:24:14', '2024-05-30 08:24:14', 1, 426),
('113.161.89.176', '2024-05-30 08:24:29', '2024-05-30 08:24:40', 2, 427),
('115.79.43.32', '2024-05-30 08:24:40', '2024-05-30 08:24:51', 2, 428),
('113.179.92.54', '2024-05-30 08:25:16', '2024-05-30 22:02:19', 2, 429),
('14.231.130.169', '2024-05-30 08:25:19', '2024-05-30 08:27:30', 5, 430),
('42.113.153.91', '2024-05-30 08:25:45', '2024-05-30 08:25:45', 1, 431),
('113.23.24.138', '2024-05-30 08:26:20', '2024-05-30 08:26:20', 1, 432),
('27.72.146.236', '2024-05-30 08:26:38', '2024-05-30 08:28:47', 13, 433),
('58.186.240.12', '2024-05-30 08:27:11', '2024-05-30 08:27:11', 1, 434),
('58.186.240.4', '2024-05-30 08:27:18', '2024-05-30 08:27:28', 2, 435),
('14.191.161.135', '2024-05-30 08:27:20', '2024-05-30 08:27:20', 1, 436),
('58.187.12.205', '2024-05-30 08:27:30', '2024-05-30 08:27:30', 1, 437),
('171.224.178.169', '2024-05-30 08:28:06', '2024-05-30 08:28:06', 1, 438),
('202.60.105.228', '2024-05-30 08:28:35', '2024-05-30 08:28:35', 1, 439),
('27.66.22.236', '2024-05-30 08:28:43', '2024-05-30 08:29:05', 2, 440),
('171.229.231.92', '2024-05-30 08:29:07', '2024-05-30 08:31:01', 3, 441),
('42.113.154.70', '2024-05-30 08:29:10', '2024-05-30 08:29:10', 1, 442),
('14.231.209.202', '2024-05-30 08:29:54', '2024-05-30 08:30:04', 2, 443),
('125.235.238.163', '2024-05-30 08:30:45', '2024-05-30 08:30:45', 1, 444),
('14.180.30.160', '2024-05-30 08:31:53', '2024-05-30 08:31:53', 1, 445),
('171.243.49.27', '2024-05-30 08:31:54', '2024-05-30 08:31:54', 1, 446),
('118.69.13.36', '2024-05-30 08:32:01', '2024-05-30 08:32:01', 1, 447),
('116.97.183.70', '2024-05-30 08:32:55', '2024-05-30 08:34:37', 3, 448),
('116.96.45.199', '2024-05-30 08:33:53', '2024-05-30 08:39:01', 9, 449),
('171.237.228.36', '2024-05-30 08:34:44', '2024-05-30 08:35:02', 2, 450),
('118.70.209.177', '2024-05-30 08:34:53', '2024-05-30 08:34:53', 1, 451),
('118.69.62.84', '2024-05-30 08:35:36', '2024-05-30 08:35:46', 2, 452),
('1.55.164.156', '2024-05-30 08:35:45', '2024-05-30 08:35:45', 1, 453),
('138.199.21.208', '2024-05-30 08:35:58', '2024-05-30 08:36:02', 2, 454),
('222.254.22.159', '2024-05-30 08:36:17', '2024-05-30 08:36:27', 2, 455),
('42.114.127.66', '2024-05-30 08:37:05', '2024-05-30 08:37:24', 2, 456),
('27.76.188.54', '2024-05-30 08:37:20', '2024-05-30 08:37:20', 1, 457),
('112.197.13.68', '2024-05-30 08:37:34', '2024-05-30 08:37:34', 1, 458),
('125.234.120.114', '2024-05-30 08:38:43', '2024-05-30 08:38:43', 1, 459),
('183.80.94.68', '2024-05-30 08:39:22', '2024-05-30 08:39:22', 1, 460),
('14.162.146.83', '2024-05-30 08:39:24', '2024-05-30 08:39:24', 1, 461),
('116.111.185.246', '2024-05-30 08:41:42', '2024-05-30 08:41:42', 1, 462),
('171.225.185.5', '2024-05-30 08:41:55', '2024-05-30 08:41:55', 1, 463),
('116.110.43.242', '2024-05-30 08:43:12', '2024-05-30 08:43:12', 1, 464),
('14.226.123.96', '2024-05-30 08:45:11', '2024-05-30 08:45:11', 1, 465),
('118.69.213.121', '2024-05-30 08:46:38', '2024-05-30 08:46:38', 1, 466),
('58.186.165.47', '2024-05-30 08:47:06', '2024-05-30 08:47:18', 2, 467),
('183.80.32.158', '2024-05-30 08:49:56', '2024-05-30 08:50:40', 5, 468),
('113.23.37.144', '2024-05-30 08:50:34', '2024-05-30 08:50:34', 1, 469),
('125.235.239.73', '2024-05-30 08:51:06', '2024-05-30 08:51:06', 1, 470),
('1.53.88.141', '2024-05-30 08:51:12', '2024-05-30 08:51:33', 3, 471),
('58.187.246.115', '2024-05-30 08:51:12', '2024-05-30 08:51:12', 1, 472),
('14.191.161.136', '2024-05-30 08:51:27', '2024-05-30 08:52:17', 4, 473),
('58.187.249.7', '2024-05-30 08:51:38', '2024-05-30 08:51:53', 2, 474),
('203.205.61.194', '2024-05-30 08:51:56', '2024-05-30 08:51:56', 1, 475),
('116.97.11.5', '2024-05-30 08:52:31', '2024-05-30 08:52:52', 3, 476),
('1.53.50.8', '2024-05-30 08:53:25', '2024-05-30 08:53:25', 1, 477),
('113.172.134.252', '2024-05-30 08:53:33', '2024-05-30 08:53:46', 3, 478),
('171.249.185.190', '2024-05-30 08:53:38', '2024-05-30 08:53:38', 1, 479),
('116.97.106.238', '2024-05-30 08:53:47', '2024-05-30 08:53:47', 1, 480),
('1.53.8.10', '2024-05-30 08:56:13', '2024-05-30 08:56:13', 1, 481),
('113.172.119.102', '2024-05-30 08:57:04', '2024-05-30 08:57:24', 3, 482),
('113.176.195.9', '2024-05-30 08:57:44', '2024-05-30 09:02:10', 4, 483),
('42.114.39.8', '2024-05-30 08:58:51', '2024-05-30 08:58:51', 1, 484),
('42.118.189.159', '2024-05-30 08:59:00', '2024-05-30 08:59:25', 2, 485),
('171.255.250.248', '2024-05-30 08:59:30', '2024-05-30 08:59:30', 1, 486),
('14.231.223.74', '2024-05-30 08:59:36', '2024-05-30 08:59:36', 1, 487),
('42.114.80.35', '2024-05-30 09:00:43', '2024-05-30 09:00:43', 1, 488),
('117.6.59.142', '2024-05-30 09:01:48', '2024-05-30 09:01:48', 1, 489),
('101.99.13.34', '2024-05-30 09:04:01', '2024-05-30 09:04:01', 1, 490),
('112.197.118.123', '2024-05-30 09:04:56', '2024-05-30 09:04:56', 1, 491),
('42.114.205.210', '2024-05-30 09:05:44', '2024-05-30 09:05:44', 1, 492),
('14.185.225.51', '2024-05-30 09:07:41', '2024-05-30 09:07:41', 1, 493),
('210.245.53.89', '2024-05-30 09:11:37', '2024-05-30 09:11:37', 1, 494),
('27.79.200.190', '2024-05-30 09:11:40', '2024-05-30 09:12:05', 3, 495),
('58.186.240.7', '2024-05-30 09:12:04', '2024-05-30 09:12:04', 1, 496),
('14.191.165.195', '2024-05-30 09:12:21', '2024-05-30 09:12:21', 1, 497),
('113.176.4.0', '2024-05-30 09:15:12', '2024-05-30 09:15:12', 1, 498),
('113.161.55.249', '2024-05-30 09:19:05', '2024-05-30 09:19:05', 1, 499),
('118.69.176.227', '2024-05-30 09:20:57', '2024-05-30 09:20:57', 1, 500),
('222.252.30.220', '2024-05-30 09:24:21', '2024-05-30 09:24:21', 1, 501),
('14.232.214.119', '2024-05-30 09:27:34', '2024-05-30 09:27:34', 1, 502),
('27.79.208.174', '2024-05-30 09:28:20', '2024-05-30 09:28:20', 1, 503),
('42.116.117.247', '2024-05-30 09:28:36', '2024-05-30 09:28:36', 1, 504),
('14.169.38.181', '2024-05-30 09:31:23', '2024-05-30 09:31:23', 1, 505),
('1.55.80.113', '2024-05-30 09:33:44', '2024-05-30 09:34:53', 2, 506),
('14.247.250.10', '2024-05-30 09:34:37', '2024-05-30 09:34:37', 1, 507),
('104.28.237.72', '2024-05-30 09:34:47', '2024-05-30 09:34:49', 2, 508),
('115.72.73.151', '2024-05-30 09:35:07', '2024-05-30 09:35:07', 1, 509),
('123.21.156.51', '2024-05-30 09:37:54', '2024-05-30 09:37:54', 1, 510),
('113.161.18.64', '2024-05-30 09:38:10', '2024-05-30 09:38:10', 1, 511),
('210.245.49.17', '2024-05-30 09:41:15', '2024-05-30 09:41:15', 1, 512),
('14.243.163.231', '2024-05-30 09:42:12', '2024-05-30 09:42:12', 1, 513),
('14.191.39.79', '2024-05-30 09:43:40', '2024-05-30 09:43:40', 1, 514),
('222.254.11.138', '2024-05-30 09:43:59', '2024-05-30 09:43:59', 1, 515),
('40.77.190.191', '2024-05-30 09:49:46', '2024-05-30 09:49:46', 1, 516),
('113.166.111.195', '2024-05-30 09:50:01', '2024-05-30 09:50:01', 1, 517),
('14.162.201.237', '2024-05-30 09:54:22', '2024-05-30 09:54:22', 1, 518),
('113.161.70.157', '2024-05-30 09:56:18', '2024-05-30 09:56:46', 3, 519),
('125.235.120.41', '2024-05-30 09:59:53', '2024-05-30 10:00:19', 3, 520),
('113.23.123.183', '2024-05-30 10:01:15', '2024-05-30 10:01:15', 1, 521),
('116.110.5.123', '2024-05-30 10:12:33', '2024-05-30 10:12:33', 1, 522),
('14.186.110.93', '2024-05-30 10:12:48', '2024-05-30 10:12:48', 1, 523),
('116.110.94.114', '2024-05-30 10:20:00', '2024-05-30 10:20:00', 1, 524),
('115.79.210.146', '2024-05-30 10:20:22', '2024-05-30 10:20:22', 1, 525),
('115.73.221.89', '2024-05-30 10:27:52', '2024-05-30 10:27:52', 1, 526),
('171.252.154.228', '2024-05-30 10:29:24', '2024-05-30 10:30:59', 6, 527),
('113.161.77.23', '2024-05-30 10:30:52', '2024-05-30 10:30:52', 1, 528),
('116.193.68.170', '2024-05-30 10:31:19', '2024-05-30 10:31:19', 1, 529),
('113.175.110.25', '2024-05-30 10:31:22', '2024-05-30 10:31:49', 4, 530),
('116.102.139.124', '2024-05-30 10:34:34', '2024-05-30 10:34:34', 1, 531),
('171.245.250.11', '2024-05-30 11:01:04', '2024-05-30 11:01:11', 2, 532),
('42.119.152.125', '2024-05-30 11:03:22', '2024-05-30 11:03:48', 3, 533),
('116.96.46.200', '2024-05-30 11:04:04', '2024-05-30 11:04:04', 1, 534),
('42.116.127.179', '2024-05-30 11:05:33', '2024-05-30 11:05:33', 1, 535),
('123.20.181.213', '2024-05-30 11:08:54', '2024-05-30 11:09:45', 2, 536),
('116.98.243.56', '2024-05-30 11:13:59', '2024-05-30 11:13:59', 1, 537),
('14.177.169.17', '2024-05-30 11:23:25', '2024-05-30 11:23:25', 1, 538),
('116.96.44.157', '2024-05-30 11:24:27', '2024-05-30 11:24:27', 1, 539),
('113.169.40.94', '2024-05-30 11:27:23', '2024-05-30 11:27:23', 1, 540),
('118.69.64.231', '2024-05-30 11:27:59', '2024-05-30 11:27:59', 1, 541),
('117.6.50.36', '2024-05-30 11:33:15', '2024-05-30 11:33:15', 1, 542),
('66.249.79.101', '2024-05-30 11:34:07', '2024-06-08 21:18:42', 3, 543),
('125.235.238.165', '2024-05-30 11:42:26', '2024-05-30 11:42:26', 1, 544),
('42.119.95.243', '2024-05-30 11:48:27', '2024-05-30 11:48:27', 1, 545),
('14.232.239.220', '2024-05-30 11:55:02', '2024-05-30 11:55:02', 1, 546),
('183.80.212.136', '2024-05-30 11:56:34', '2024-05-30 11:56:34', 1, 547),
('103.156.2.136', '2024-05-30 12:18:36', '2024-05-30 12:18:36', 1, 548),
('27.70.185.204', '2024-05-30 12:47:05', '2024-05-30 12:47:05', 1, 549),
('14.191.244.41', '2024-05-30 12:48:11', '2024-05-30 12:48:11', 1, 550),
('171.224.177.82', '2024-05-30 12:55:04', '2024-05-30 12:55:04', 1, 551),
('171.232.91.56', '2024-05-30 13:34:42', '2024-05-30 15:52:23', 2, 552),
('42.117.149.16', '2024-05-30 13:36:01', '2024-05-30 13:36:01', 1, 553),
('113.23.76.248', '2024-05-30 13:52:49', '2024-05-30 13:53:25', 3, 554),
('123.19.96.146', '2024-05-30 14:01:12', '2024-05-30 14:01:12', 1, 555),
('14.169.31.47', '2024-05-30 14:02:41', '2024-05-30 14:03:27', 4, 556),
('27.73.6.2', '2024-05-30 14:09:06', '2024-05-30 14:09:06', 1, 557),
('171.252.189.116', '2024-05-30 14:33:38', '2024-05-30 14:33:38', 1, 558),
('171.243.48.90', '2024-05-30 15:03:46', '2024-05-30 15:03:46', 1, 559),
('115.77.68.12', '2024-05-30 15:27:47', '2024-05-30 15:27:47', 1, 560),
('42.113.220.81', '2024-05-30 15:30:38', '2024-05-30 15:30:38', 1, 561),
('116.105.21.143', '2024-05-30 15:36:00', '2024-05-30 15:36:00', 1, 562),
('1.53.8.218', '2024-05-30 15:36:01', '2024-05-30 15:36:01', 1, 563),
('14.169.37.37', '2024-05-30 15:42:17', '2024-05-30 15:42:17', 1, 564),
('14.240.139.115', '2024-05-30 15:46:00', '2024-05-30 15:46:00', 1, 565),
('116.98.249.161', '2024-05-30 16:20:37', '2024-05-30 16:20:56', 2, 566),
('42.114.121.207', '2024-05-30 17:07:19', '2024-05-30 17:07:19', 1, 567),
('171.229.220.139', '2024-05-30 17:26:09', '2024-05-30 18:11:22', 19, 568),
('113.23.55.198', '2024-05-30 17:50:18', '2024-05-30 17:50:26', 2, 569),
('58.187.108.108', '2024-05-30 17:52:23', '2024-05-30 17:53:30', 6, 570),
('42.117.10.70', '2024-05-30 17:57:11', '2024-06-03 02:51:46', 2, 571),
('1.53.17.177', '2024-05-30 18:14:11', '2024-05-30 18:14:11', 1, 572),
('14.169.220.252', '2024-05-30 18:46:49', '2024-05-30 18:54:56', 8, 573),
('1.52.173.205', '2024-05-30 19:12:07', '2024-05-30 19:12:07', 1, 574),
('117.1.165.196', '2024-05-30 19:47:57', '2024-05-30 19:47:57', 1, 575),
('42.112.60.230', '2024-05-30 20:05:40', '2024-05-30 20:05:56', 2, 576),
('79.207.246.101', '2024-05-30 21:41:53', '2024-05-30 21:41:53', 1, 577),
('42.116.206.215', '2024-05-30 22:29:44', '2024-05-30 22:36:57', 2, 578),
('171.225.192.2', '2024-05-30 22:44:22', '2024-05-30 22:44:22', 1, 579),
('113.178.56.83', '2024-05-30 23:11:47', '2024-05-30 23:11:47', 1, 580),
('27.75.130.113', '2024-05-30 23:22:55', '2024-05-30 23:23:33', 3, 581),
('14.177.6.117', '2024-05-31 00:25:17', '2024-05-31 00:26:30', 2, 582),
('113.20.108.11', '2024-05-31 00:44:56', '2024-05-31 00:44:56', 1, 583),
('171.234.8.135', '2024-05-31 00:55:27', '2024-05-31 01:00:09', 6, 584),
('112.197.13.72', '2024-05-31 01:00:00', '2024-05-31 01:00:00', 1, 585),
('1.53.44.177', '2024-05-31 01:04:09', '2024-05-31 01:04:09', 1, 586),
('116.111.185.19', '2024-05-31 01:08:36', '2024-05-31 01:08:36', 1, 587),
('14.248.209.92', '2024-05-31 01:19:59', '2024-05-31 01:21:07', 2, 588),
('118.69.12.156', '2024-05-31 01:33:43', '2024-05-31 01:33:43', 1, 589),
('171.252.153.55', '2024-05-31 01:36:38', '2024-05-31 01:38:05', 2, 590),
('58.187.190.158', '2024-05-31 01:54:21', '2024-05-31 01:55:11', 3, 591),
('42.119.154.146', '2024-05-31 02:05:30', '2024-05-31 02:05:30', 1, 592),
('116.96.45.1', '2024-05-31 02:07:56', '2024-05-31 02:07:56', 1, 593),
('103.88.113.46', '2024-05-31 02:15:18', '2024-05-31 02:22:41', 3, 594),
('123.25.30.77', '2024-05-31 02:15:42', '2024-05-31 02:15:42', 1, 595),
('27.74.244.188', '2024-05-31 02:26:22', '2024-05-31 02:26:22', 1, 596),
('27.72.146.50', '2024-05-31 02:52:42', '2024-05-31 02:52:42', 1, 597),
('1.53.8.148', '2024-05-31 03:47:41', '2024-05-31 03:47:41', 1, 598),
('116.97.118.113', '2024-05-31 04:30:44', '2024-05-31 04:31:04', 3, 599),
('1.53.88.11', '2024-05-31 04:40:02', '2024-05-31 04:40:02', 1, 600),
('171.253.187.184', '2024-05-31 04:50:12', '2024-05-31 04:50:12', 1, 601),
('210.245.74.21', '2024-05-31 05:09:41', '2024-05-31 05:10:15', 3, 602),
('27.67.33.180', '2024-05-31 05:37:58', '2024-05-31 05:37:58', 1, 603),
('115.73.210.239', '2024-05-31 05:45:06', '2024-05-31 05:45:06', 1, 604),
('118.68.15.111', '2024-05-31 06:04:34', '2024-05-31 06:04:34', 1, 605),
('42.116.228.247', '2024-05-31 06:19:19', '2024-05-31 06:19:35', 2, 606),
('14.161.14.251', '2024-05-31 06:32:39', '2024-05-31 06:32:39', 1, 607),
('117.7.236.58', '2024-05-31 06:52:08', '2024-05-31 06:52:22', 2, 608),
('27.69.178.14', '2024-05-31 06:53:28', '2024-05-31 06:53:51', 2, 609),
('27.64.209.129', '2024-05-31 06:59:15', '2024-05-31 06:59:15', 1, 610),
('14.191.112.236', '2024-05-31 07:03:40', '2024-05-31 07:06:41', 4, 611),
('116.97.200.27', '2024-05-31 07:03:49', '2024-05-31 07:04:12', 4, 612),
('42.119.81.226', '2024-05-31 07:07:43', '2024-05-31 07:07:43', 1, 613),
('117.5.146.183', '2024-05-31 07:15:06', '2024-05-31 07:15:06', 1, 614),
('42.117.100.111', '2024-05-31 07:21:42', '2024-05-31 07:21:42', 1, 615),
('1.54.95.165', '2024-05-31 07:42:52', '2024-05-31 07:43:08', 2, 616),
('14.160.24.42', '2024-05-31 07:52:32', '2024-05-31 07:52:32', 1, 617),
('118.69.69.189', '2024-05-31 08:12:14', '2024-05-31 08:12:14', 1, 618),
('116.110.41.91', '2024-05-31 09:02:37', '2024-05-31 09:02:37', 1, 619),
('14.161.1.28', '2024-05-31 09:04:54', '2024-05-31 09:05:48', 4, 620),
('115.76.182.157', '2024-05-31 09:41:46', '2024-05-31 09:41:46', 1, 621),
('171.243.48.185', '2024-05-31 09:58:03', '2024-05-31 09:58:03', 1, 622),
('104.28.205.70', '2024-05-31 10:33:28', '2024-05-31 10:33:28', 1, 623),
('171.252.155.57', '2024-05-31 11:17:41', '2024-05-31 11:17:41', 1, 624),
('113.185.44.154', '2024-05-31 11:28:28', '2024-05-31 11:28:54', 2, 625),
('171.252.154.0', '2024-05-31 11:56:04', '2024-05-31 11:59:02', 2, 626),
('1.54.209.204', '2024-05-31 12:37:31', '2024-05-31 12:43:33', 2, 627),
('42.1.70.83', '2024-05-31 14:10:54', '2024-05-31 14:10:54', 1, 628),
('171.224.179.35', '2024-05-31 14:12:31', '2024-05-31 14:12:31', 1, 629),
('27.67.24.126', '2024-05-31 15:09:15', '2024-05-31 15:09:15', 1, 630),
('14.161.28.163', '2024-05-31 15:22:56', '2024-05-31 15:22:56', 1, 631),
('58.186.165.30', '2024-05-31 15:27:51', '2024-05-31 15:31:52', 4, 632),
('183.91.188.228', '2024-05-31 15:32:01', '2024-05-31 15:32:01', 1, 633),
('14.224.114.22', '2024-05-31 18:08:26', '2024-05-31 18:08:26', 1, 634),
('1.53.198.206', '2024-06-01 01:39:32', '2024-06-01 01:39:32', 1, 635),
('42.114.37.181', '2024-06-01 08:17:24', '2024-06-05 12:57:04', 34, 636),
('58.187.178.41', '2024-06-01 08:31:17', '2024-06-01 08:32:16', 4, 637),
('42.114.184.35', '2024-06-01 09:13:32', '2024-06-01 09:13:57', 2, 638),
('116.111.88.104', '2024-06-01 16:45:24', '2024-06-01 16:45:39', 3, 639),
('113.187.214.217', '2024-06-01 21:02:19', '2024-06-01 21:28:52', 7, 640),
('14.231.96.199', '2024-06-01 22:24:37', '2024-06-01 22:24:37', 1, 641),
('113.185.45.25', '2024-06-02 03:15:42', '2024-06-02 03:15:42', 1, 642),
('14.191.184.10', '2024-06-02 04:36:03', '2024-06-02 04:36:03', 1, 643),
('112.197.34.110', '2024-06-02 05:47:31', '2024-06-02 05:47:31', 1, 644),
('42.118.20.182', '2024-06-02 08:34:11', '2024-06-02 08:34:23', 2, 645),
('116.98.223.223', '2024-06-02 16:25:10', '2024-06-02 16:25:10', 1, 646),
('113.23.109.25', '2024-06-03 02:50:48', '2024-06-03 02:52:51', 9, 647),
('52.167.144.211', '2024-06-03 15:09:23', '2024-06-03 15:09:23', 1, 648),
('49.44.82.138', '2024-06-06 18:56:38', '2024-06-06 18:56:38', 1, 649),
('27.2.194.69', '2024-06-06 18:56:48', '2024-06-06 18:56:48', 1, 650),
('52.55.161.32', '2024-06-08 09:23:15', '2024-07-02 08:35:25', 2, 651),
('116.108.44.150', '2024-06-09 09:30:05', '2024-06-09 09:30:05', 1, 652),
('40.77.167.38', '2024-06-11 15:23:12', '2024-06-11 15:23:12', 1, 653),
('213.239.200.253', '2024-06-12 08:14:01', '2024-06-12 08:14:46', 2, 654),
('34.82.74.171', '2024-06-12 12:31:47', '2024-06-12 12:32:20', 2, 655),
('14.236.12.140', '2024-06-13 15:20:49', '2024-06-13 15:20:49', 1, 656),
('34.16.180.76', '2024-06-13 16:19:56', '2024-06-13 16:20:30', 2, 657),
('66.249.65.72', '2024-06-15 05:04:27', '2024-06-20 12:24:45', 3, 658),
('66.249.65.71', '2024-06-15 05:05:53', '2024-06-15 05:09:58', 2, 659),
('40.77.167.24', '2024-06-15 15:37:37', '2024-06-15 15:37:37', 1, 660),
('118.70.43.0', '2024-06-15 17:14:56', '2024-06-15 17:14:56', 1, 661),
('115.76.204.245', '2024-06-16 06:08:31', '2024-06-16 06:11:14', 4, 662),
('113.177.33.72', '2024-06-17 16:22:03', '2024-06-17 16:22:03', 1, 663),
('168.119.68.122', '2024-06-17 21:32:01', '2024-06-17 21:32:01', 1, 664),
('66.102.8.232', '2024-06-19 09:14:49', '2024-06-19 09:14:49', 1, 665),
('66.249.65.73', '2024-06-19 12:24:13', '2024-06-21 10:29:38', 2, 666),
('207.46.13.111', '2024-06-19 15:53:05', '2024-06-19 15:53:05', 1, 667),
('42.117.149.250', '2024-06-19 19:44:31', '2024-07-01 15:40:54', 11, 668),
('66.249.77.8', '2024-06-22 18:12:11', '2024-06-22 18:12:11', 1, 669),
('66.249.77.10', '2024-06-23 02:17:53', '2024-06-23 02:17:53', 1, 670),
('40.77.167.43', '2024-06-25 11:02:04', '2024-06-25 11:02:04', 1, 671),
('52.167.144.198', '2024-06-26 15:53:02', '2024-06-26 15:53:02', 1, 672),
('103.130.18.7', '2024-06-30 04:55:55', '2024-06-30 04:55:55', 1, 673),
('110.50.81.202', '2024-06-30 04:56:04', '2024-06-30 04:56:04', 1, 674),
('103.189.123.6', '2024-06-30 04:56:07', '2024-06-30 04:56:07', 1, 675),
('40.77.167.121', '2024-06-30 15:50:45', '2024-06-30 15:50:45', 1, 676),
('66.249.72.138', '2024-07-02 11:00:31', '2024-07-02 11:00:31', 1, 677),
('66.249.72.136', '2024-07-02 11:29:10', '2024-07-02 11:40:17', 2, 678),
('123.24.29.66', '2024-07-02 17:03:00', '2024-07-02 17:03:00', 1, 679),
('207.46.13.154', '2024-07-04 11:19:24', '2024-07-04 11:19:24', 1, 680),
('1.54.8.107', '2024-07-04 12:23:53', '2024-07-04 12:23:53', 1, 681),
('113.23.51.29', '2024-07-04 20:23:48', '2024-07-04 20:23:48', 1, 682),
('66.249.64.104', '2024-07-05 16:58:55', '2024-07-05 16:58:55', 1, 683);
INSERT INTO `ip` (`ip`, `first_time`, `last_time`, `times`, `id`) VALUES
('207.46.13.107', '2024-07-06 11:02:18', '2024-07-06 11:02:18', 1, 684),
('207.46.13.102', '2024-07-08 16:05:14', '2024-07-08 16:05:14', 1, 685);

-- --------------------------------------------------------

--
-- Cấu trúc bảng cho bảng `message`
--

CREATE TABLE `message` (
  `username` varchar(50) NOT NULL,
  `content` varchar(50) NOT NULL,
  `inroom` int(11) DEFAULT NULL,
  `timestamp` timestamp NOT NULL DEFAULT CURRENT_TIMESTAMP ON UPDATE CURRENT_TIMESTAMP
) ENGINE=InnoDB DEFAULT CHARSET=utf8mb4;

--
-- Đang đổ dữ liệu cho bảng `message`
--

INSERT INTO `message` (`username`, `content`, `inroom`, `timestamp`) VALUES
('meofhoaho', 'ây yo', 60, '2024-04-09 20:01:09'),
('Bùi Quang Minh', 'ngheee', 60, '2024-04-09 20:01:21'),
('meofhoaho', 'sao', 61, '2024-04-09 20:10:57'),
('Bùi Quang Minh', 'ây', 62, '2024-04-10 08:01:59'),
('meofhoaho', 'nghe', 62, '2024-04-10 08:02:05'),
('meofhoaho', 'a', 62, '2024-04-10 08:02:39'),
('Bùi Quang Minh', 'a', 62, '2024-04-10 08:02:46'),
('Bùi Quang Minh', 'a', 62, '2024-04-10 08:02:49'),
('meofhoaho', 'a', 62, '2024-04-10 08:03:21'),
('Bùi Quang Minh', 'a', 62, '2024-04-10 08:03:26'),
('Bùi Quang Minh', 'a', 62, '2024-04-10 08:03:29'),
('Bùi Quang Minh', 'test', 62, '2024-04-10 08:03:35'),
('meofhoaho', 'sao e', 62, '2024-04-10 08:03:48'),
('Bùi Quang Minh', 'alo', 68, '2024-04-10 08:21:48'),
('meofhoaho', 'hiiiiiii', 68, '2024-04-10 08:21:56'),
('Bùi Quang Minh', 'đây là tin nhắn ở bên trái', 68, '2024-04-10 08:22:15'),
('meofhoaho', 'đây là tin nhắn ở bên phải', 68, '2024-04-10 08:22:36'),
('meofhoaho', 'thôi out', 68, '2024-04-10 08:22:41'),
('Bùi Quang Minh', 'ai thế nhỉ', 70, '2024-04-10 08:40:32'),
('meofhoaho', 'gth ik', 70, '2024-04-10 08:40:37'),
('Bùi Quang Minh', '??', 70, '2024-04-10 08:40:49'),
('Bùi Quang Minh', 'alo', 73, '2024-04-10 08:55:23'),
('Bùi Quang Minh', 'con chó nào đấy', 73, '2024-04-10 08:55:27'),
('fbeooooo', '?', 73, '2024-04-10 08:55:30'),
('fbeooooo', 'sua', 73, '2024-04-10 08:55:34'),
('Bùi Quang Minh', 'thấy chưa đmm', 73, '2024-04-10 08:55:43'),
('fbeooooo', 'sao nhan dc may cai r ma no lai ping ping cj day', 73, '2024-04-10 08:55:59'),
('Bùi Quang Minh', 'chắc ajax nó bị delay', 73, '2024-04-10 08:56:11'),
('fbeooooo', 'alo', 74, '2024-04-10 08:57:35'),
('Bùi Quang Minh', 'lại thằng ngu này', 74, '2024-04-10 08:57:38'),
('fbeooooo', '???', 74, '2024-04-10 08:57:43'),
('Bùi Quang Minh', 'ok test thế thôi', 74, '2024-04-10 08:57:47'),
('Bùi Quang Minh', 'out đi', 74, '2024-04-10 08:57:51'),
('fbeooooo', 'm dung realtime kieu j day', 74, '2024-04-10 08:57:52'),
('Bùi Quang Minh', 'gì', 74, '2024-04-10 08:57:58'),
('Bùi Quang Minh', 'đùunfg pusher', 74, '2024-04-10 08:58:03'),
('fbeooooo', 'hmmmm', 74, '2024-04-10 08:58:07'),
('fbeooooo', 'laravel dung k', 74, '2024-04-10 08:58:12'),
('Bùi Quang Minh', 'ừ', 74, '2024-04-10 08:58:16'),
('Bùi Quang Minh', 'dùng api của pusher', 74, '2024-04-10 08:58:22'),
('fbeooooo', 'ok', 74, '2024-04-10 08:58:25'),
('fbeooooo', 'out de', 74, '2024-04-10 08:58:28'),
('Bùi Quang Minh', 'hello', 76, '2024-04-11 18:11:46'),
('meofhoaho', 'ây', 79, '2024-04-11 18:21:01'),
('meofhoaho', 'im z', 79, '2024-04-11 18:21:05'),
('Bùi Quang Minh', 'alo', 86, '2024-04-13 07:09:33'),
('Bùi Quang Minh', 'a', 88, '2024-05-05 15:38:11'),
('Bùi Quang Minh', 'a', 88, '2024-05-05 15:38:17'),
('Bùi Quang Minh', 'adu', 88, '2024-05-05 15:38:27'),
('meofkoquau', 'a', 89, '2024-05-05 15:42:29'),
('meofhoaho', 'b', 89, '2024-05-05 15:42:35'),
('meofkoquau', 'a', 90, '2024-05-05 15:42:48'),
('meofkoquau', 'a', 91, '2024-05-05 15:43:05'),
('meofhoaho', 'ady', 91, '2024-05-05 15:43:14'),
('meofhoaho', 'a', 93, '2024-05-08 14:31:29'),
('meofkoquau', 'adu', 93, '2024-05-08 14:32:02'),
('meofhoaho', 'kkk', 94, '2024-05-08 14:58:27'),
('meofhoaho', 'j', 102, '2024-05-08 15:16:05'),
('meofkoquau', 'ki8iki', 104, '2024-05-08 15:18:01'),
('meofkoquau', 'he', 106, '2024-05-08 18:53:55'),
('meofhoaho', 'hi', 106, '2024-05-08 18:53:58'),
('meofkoquau', 'nbye', 106, '2024-05-08 18:54:05'),
('meofhoaho', 'p', 106, '2024-05-08 18:54:08'),
('meofkoquau', 'aa', 107, '2024-05-08 19:04:18'),
('meofkoquau', 'aaa', 107, '2024-05-08 19:05:25'),
('meofhoaho', '?', 107, '2024-05-08 19:05:37'),
('meofhoaho', 'gà', 107, '2024-05-08 19:25:48'),
('meofhoaho', 'hello', 108, '2024-05-15 05:13:04'),
('phongda', 'alo alo', 108, '2024-05-15 05:13:07'),
('meofhoaho', 'hello', 108, '2024-05-15 05:13:07'),
('meofhoaho', 'test', 108, '2024-05-15 05:13:11'),
('phongda', 'chào bạn', 108, '2024-05-15 05:13:15'),
('meofhoaho', 'giờ mà out', 108, '2024-05-15 05:13:22'),
('phongda', 'đc rồi nha', 108, '2024-05-15 05:13:25'),
('meofhoaho', 'là mình ko match nhau lại được', 108, '2024-05-15 05:13:28'),
('meofhoaho', 'm sẽ gặp người khác', 108, '2024-05-15 05:13:35'),
('phongda', 'vl', 108, '2024-05-15 05:13:41'),
('meofkoquau', 'a', 110, '2024-05-17 15:07:10'),
('meofkoquau', 'a', 110, '2024-05-17 15:07:13'),
('meofhoaho', 'he', 110, '2024-05-17 15:07:17'),
('meofkoquau', 'he', 110, '2024-05-17 15:07:48'),
('meofhoaho', '?', 110, '2024-05-17 15:07:52'),
('meofkoquau', 'a', 112, '2024-05-17 15:09:39'),
('meofhoaho', 'test thôi', 112, '2024-05-17 15:09:44'),
('meofkoquau', 'aaa', 114, '2024-05-17 15:14:25'),
('meofhoaho', 'a', 113, '2024-05-17 15:14:44'),
('meofkoquau', 'dđ', 113, '2024-05-17 15:14:49'),
('meofkoquau', 'a', 116, '2024-05-17 15:30:44'),
('Bùi Quang Minh', 'a', 106, '2024-05-21 15:24:01'),
('Bùi Quang Minh', 'aa', 117, '2024-05-21 15:27:17'),
('Bùi Quang Minh', 'aa', 117, '2024-05-21 15:27:19'),
('Bùi Quang Minh', 'aa', 117, '2024-05-21 15:27:22'),
('Bùi Quang Minh', 'ki', 117, '2024-05-21 15:29:19'),
('Bùi Quang Minh', 'ki', 117, '2024-05-21 15:31:37'),
('Bùi Quang Minh', 'ki', 117, '2024-05-21 15:31:39'),
('meofkoquau', 'a', 119, '2024-05-21 15:36:19'),
('meofhoaho', 'a', 119, '2024-05-21 15:36:22'),
('meofhoaho', 'a', 119, '2024-05-21 15:36:24'),
('meofkoquau', 'a', 119, '2024-05-21 15:36:26'),
('meofkoquau', 'a', 119, '2024-05-21 15:36:27'),
('meofkoquau', 'a', 119, '2024-05-21 15:36:27'),
('meofhoaho', 'a', 119, '2024-05-21 15:36:28'),
('meofhoaho', 'a', 119, '2024-05-21 15:36:28'),
('meofhoaho', 'a', 119, '2024-05-21 15:36:34'),
('meofhoaho', 'a', 119, '2024-05-21 15:36:38'),
('meofhoaho', 'a', 119, '2024-05-21 15:38:02'),
('meofhoaho', 'a', 119, '2024-05-21 15:38:04'),
('meofhoaho', 'a', 120, '2024-05-21 15:39:11'),
('meofhoaho', 'b', 120, '2024-05-21 15:39:49'),
('meofhoaho', 'a', 120, '2024-05-21 15:42:00'),
('meofkoquau', 'b', 120, '2024-05-21 15:42:05'),
('meofkoquau', 'a', 121, '2024-05-21 15:42:31'),
('meofhoaho', 'c', 121, '2024-05-21 15:42:33'),
('meofhoaho', 'a', 121, '2024-05-21 15:43:17'),
('meofhoaho', 'c', 121, '2024-05-21 15:45:44'),
('meofhoaho', 'hi', 121, '2024-05-21 15:46:15'),
('meofhoaho', 'aa', 121, '2024-05-21 15:49:47'),
('meofhoaho', 'ass', 121, '2024-05-21 15:50:10'),
('meofhoaho', 'aaa', 122, '2024-05-21 15:51:15'),
('meofhoaho', 'a', 122, '2024-05-21 15:52:02'),
('meofkoquau', 'vvv', 122, '2024-05-21 15:52:07'),
('meofhoaho', 'aa', 122, '2024-05-21 15:52:18'),
('meofhoaho', 'a', 122, '2024-05-21 15:56:24'),
('meofhoaho', 'aa', 122, '2024-05-21 15:56:37'),
('meofkoquau', 'keke', 122, '2024-05-21 15:56:43'),
('meofkoquau', 'Ok', 122, '2024-05-21 15:59:33'),
('meofhoaho', 'thử xem nào', 122, '2024-05-27 08:00:55');

-- --------------------------------------------------------

--
-- Cấu trúc bảng cho bảng `questions`
--

CREATE TABLE `questions` (
  `question_id` int(11) NOT NULL,
  `username` varchar(255) COLLATE utf8mb4_unicode_ci NOT NULL,
  `question_content` text COLLATE utf8mb4_unicode_ci,
  `timestamp` timestamp NOT NULL DEFAULT CURRENT_TIMESTAMP
) ENGINE=InnoDB DEFAULT CHARSET=utf8mb4 COLLATE=utf8mb4_unicode_ci;

--
-- Đang đổ dữ liệu cho bảng `questions`
--

INSERT INTO `questions` (`question_id`, `username`, `question_content`, `timestamp`) VALUES
(16, 'Bùi Quang Minh', 'hello', '2023-08-03 16:40:38'),
(18, 'minhdz', 'test 4/8', '2023-08-04 02:09:26'),
(19, 'minhdz', 'check', '2023-08-04 02:11:07'),
(20, 'minhdz', 'chào', '2023-08-04 05:15:07'),
(21, 'minhdz', 'aaaa', '2023-08-04 05:35:20'),
(22, 'minhdz', 'mimi', '2023-08-04 05:37:33'),
(23, 'minhdz', 'mk', '2023-08-04 05:41:34'),
(25, 'minhdz', 'a', '2023-08-04 07:53:56'),
(26, 'minhdz', 'ga`', '2023-08-04 08:14:38'),
(27, 'minhdz', 'hi', '2023-08-04 09:06:22'),
(28, 'minhdz', 'a', '2023-08-04 09:07:26'),
(29, 'minhdz', 'hiii', '2023-08-04 09:13:14'),
(31, 'minhdz', 'test', '2023-08-04 09:53:26'),
(32, 'minhdz', 'a', '2023-08-04 09:59:47'),
(33, 'minhdz', 'a', '2023-08-04 09:59:48'),
(34, 'minhdz', 'b', '2023-08-04 15:28:29'),
(57, 'james_miller', 'who are you?', '2023-08-04 19:43:39'),
(58, 'quyenquyen', 'iu quyennnn', '2023-08-04 19:45:33'),
(59, 'mike_wilson', 'jajjaa', '2023-08-04 20:20:56'),
(60, 'minhdz', '222²22222222²2', '2023-08-05 06:53:12'),
(61, 'haha', 'ai đó', '2023-08-05 06:57:32'),
(62, 'minhdz', 'ai xấu trai hơn minhdz', '2023-08-05 12:42:02'),
(63, 'minhdz', 'ga` non', '2023-08-05 12:52:19'),
(84, 'Bùi Quang Minh', 'minh ngu', '2023-08-06 12:11:55'),
(85, 'Hikixkun', 'buồn', '2023-08-06 12:12:29'),
(86, 'Bùi Quang Minh', 'Cháu lên ba cháu đi mẫu giáo\r\nCô thương cháu vì cháu không khóc nhè\r\nKhông khóc nhè để bà trồng cây trái\r\nÔng vào nhà máy ông bà vui cấy cày\r\nLà lá la la\r\nLà là lá la la\r\nCháu lên ba cháu đi mẫu giáo\r\nCô thương cháu vì cháu không khóc nhè\r\nKhông khóc nhè để bà trồng cây trái\r\nÔng vào nhà máy ông bà vui cấy cày\r\nLà lá la la\r\nLà là lá la la\r\nCháu lên ba cháu đi mẫu giáo\r\nCô thương cháu vì cháu không khóc nhè\r\nKhông khóc nhè để bà trồng cây trái\r\nÔng vào nhà máy ông bà vui cấy cày\r\nLà lá la la\r\nLà là lá la la\r\nCháu lên ba cháu đi mẫu giáo\r\nCô thương cháu vì cháu không khóc nhè\r\nKhông khóc nhè để bà trồng cây trái\r\nÔng vào nhà máy ông bà vui cấy cày\r\nLà lá la la\r\nLà là lá la la', '2023-08-06 12:14:13'),
(87, 'Bùi Quang Minh', '@@@@@@@@@@@@@', '2023-08-06 12:14:51'),
(88, 'Bùi Quang Minh', 'Ghê', '2023-08-07 15:25:22'),
(89, 'Bùi Quang Minh', 'bqm xáo trai', '2023-08-07 15:46:12'),
(90, 'Bùi Quang Minh', 'lười quá nha đồ lười', '2023-08-07 17:30:16'),
(91, 'Bùi Quang Minh', 'a', '2023-08-08 02:47:51'),
(92, 'Bùi Quang Minh', 'hellu', '2023-08-08 02:50:21'),
(93, 'Bùi Quang Minh', 'mịb', '2023-08-08 03:15:35'),
(94, 'Bùi Quang Minh', 'Hiiii', '2023-08-08 05:38:13'),
(95, 'Bùi Quang Minh', 'wut', '2023-08-10 10:21:13'),
(97, 'Bùi Quang Minh', 'hehe', '2023-08-14 07:49:31'),
(98, 'Bùi Quang Minh', 'Admin cơ à', '2023-08-18 02:40:12'),
(99, 'Bùi Quang Minh', 'hết cứu', '2023-08-18 16:37:28'),
(100, 'Bùi Quang Minh', 'Minh có người yêu chưa 🐧', '2023-08-22 16:12:20'),
(101, 'bùiquangminh', 'Nói gì giờ :(', '2023-08-22 16:36:22'),
(104, 'Bùi Quang Minh', 'hi', '2023-08-25 02:30:33'),
(105, 'Bùi Quang Minh', 'Mất nich à', '2023-09-04 18:30:26'),
(106, 'Bùi Quang Minh', 'hellooo', '2023-09-15 06:20:25'),
(107, 'Bùi Quang Minh', 'aaaa', '2023-09-24 17:58:59'),
(108, 'Bùi Quang Minh', 'hihi', '2023-10-03 15:29:19'),
(109, 'Bùi Quang Minh', 'ủa alo', '2023-10-14 12:54:11'),
(111, 'minhdz', 'hỏi gì đấy', '2023-10-19 08:36:42'),
(112, 'Bùi Quang Minh', 'vãi ò', '2023-11-11 19:43:59'),
(118, 'Bùi Quang Minh', 'sửa được rùii', '2023-12-08 13:12:23'),
(126, '0cCM7HV7', 'llas', '2023-12-11 19:21:02'),
(129, 'Bùi Quang Minh', 'hiiiii', '2023-12-21 21:16:41'),
(130, '0G2fZql5', 'kk', '2023-12-28 21:55:14'),
(131, 'Bùi Quang Minh', 'Sao hỏi ko trả lời vậy', '2024-01-02 14:01:52'),
(132, 'Bùi Quang Minh', 'Sao hỏi ko trả lời vậy', '2024-01-08 11:21:16'),
(133, '0mIlCPeA', 'Ádd', '2024-01-10 04:11:16'),
(134, '0mIlCPeA', 'Ádd', '2024-01-10 04:11:21'),
(135, 'Bùi Quang Minh', 'Ngầu quá', '2024-01-10 04:58:13'),
(136, '04DlFwht', 'plllll oápdkfjasdf', '2024-01-10 05:06:51'),
(137, 'tam22032004', 'ưefsdfasdf', '2024-01-10 05:07:30'),
(138, 'Bùi Quang Minh', 'Ty', '2024-01-10 05:52:43'),
(142, 'tam22032004', 'Chanbedu lun kk', '2024-01-10 06:04:20'),
(143, '04DlFwht', 'éc', '2024-01-10 06:42:43'),
(144, '04DlFwht', 'Hi', '2024-01-10 07:05:13'),
(145, '04DlFwht', 'bạn tên là gì', '2024-01-10 10:15:45'),
(146, 'MagicsT', 'Ai vậyy', '2024-01-10 10:22:02'),
(147, '04DlFwht', 'sadsad', '2024-01-10 10:30:17'),
(148, '04DlFwht', 'a', '2024-01-10 10:33:13'),
(149, 'Bùi Quang Minh', 'hello', '2024-01-10 14:30:58'),
(150, 'Bùi Quang Minh', 'qdw', '2024-01-10 14:58:45'),
(151, '04DlFwht', '?', '2024-01-11 15:46:16'),
(152, 'Bùi Quang Minh', 'good job', '2024-01-11 17:17:51'),
(153, 'TNT0972612200', 'Hiiii', '2024-01-11 20:46:01'),
(154, 'a', 'hello', '2024-01-11 23:12:40'),
(155, '04DlFwht', 'lkklk', '2024-01-12 16:58:48'),
(156, '0cCM7HV7', 'asd', '2024-01-21 09:02:58'),
(157, 'Bùi Quang Minh', 'hiii', '2024-01-23 20:18:13'),
(158, 'quocanh', 'web ổn ko sếp', '2024-01-26 05:27:06'),
(159, 'Bùi Quang Minh', 'Lì xì nhé', '2024-02-08 07:06:58'),
(160, 'Bùi Quang Minh', 'Cho chép bài với', '2024-03-03 08:42:56'),
(161, 'Bùi Quang Minh', 'j', '2024-03-14 18:29:47'),
(162, 'Bùi Quang Minh', 'adu', '2024-04-01 15:20:53'),
(163, 'Bùi Quang Minh', 'Bạn dùng host của bên nào thế', '2024-05-09 03:01:41'),
(164, '05gyhaTt', 'Hello', '2024-05-29 07:59:26'),
(165, '05gyhaTt', 'dd·đ', '2024-05-30 08:03:48'),
(166, 'Bùi Quang Minh', 'helo', '2024-05-30 08:11:55'),
(167, '08qXiE5Z', 'gfgdf', '2024-05-30 08:14:16'),
(168, 'Bùi Quang Minh', '<script>alert(“This is an XSS attack”)</script>', '2024-05-30 08:23:00'),
(169, '0Cqx7NNM', 'oiju', '2024-05-30 08:24:48'),
(170, '0Cqx7NNM', 'Hỏi bạn là cái gì', '2024-05-30 08:27:17'),
(171, '0EHQSs5i', 'kkk', '2024-05-30 08:38:16'),
(172, '04DlFwht', 'asdasdasd', '2024-05-30 08:52:15'),
(173, 'Bùi Quang Minh', 'Giao diện hơi đơn giản', '2024-05-30 09:01:35'),
(174, '05gyhaTt', '6', '2024-05-30 10:30:57'),
(175, 'Bùi Quang Minh', '<script>alert(“This is an XSS attack”)</script>', '2024-05-30 12:09:15'),
(176, '08qXiE5Z', '~', '2024-05-30 13:53:22'),
(177, '1Dnotps7', 'hiiii', '2024-05-30 17:27:04'),
(178, '1Dnotps7', '123123', '2024-05-30 17:35:33'),
(179, '0eMjjp5L', 'hello', '2024-05-31 00:59:30'),
(180, '0aa3fsSz', 'cc', '2024-05-31 07:04:02'),
(181, '0aa3fsSz', 'djtmem', '2024-05-31 07:04:10'),
(182, '04DlFwht', 'd', '2024-06-01 08:32:09'),
(183, '04DlFwht', 'fdssssssssssssssssssssssa', '2024-06-01 08:32:14'),
(184, '04DlFwht', 'hello', '2024-06-05 12:26:59');

-- --------------------------------------------------------

--
-- Cấu trúc bảng cho bảng `roomchat`
--

CREATE TABLE `roomchat` (
  `id` int(11) NOT NULL,
  `user1` varchar(50) DEFAULT NULL,
  `user2` varchar(50) DEFAULT NULL,
  `iswaiting` int(11) NOT NULL DEFAULT '1',
  `leave` int(11) NOT NULL DEFAULT '0',
  `timestamp` timestamp NOT NULL DEFAULT CURRENT_TIMESTAMP ON UPDATE CURRENT_TIMESTAMP
) ENGINE=InnoDB DEFAULT CHARSET=utf8mb4;

--
-- Đang đổ dữ liệu cho bảng `roomchat`
--

INSERT INTO `roomchat` (`id`, `user1`, `user2`, `iswaiting`, `leave`, `timestamp`) VALUES
(122, 'meofhoaho', 'meofkoquau', 0, 1, '2024-05-27 08:01:25'),
(123, 'Bùi Quang Minh', NULL, 1, 0, '2024-05-30 09:12:00');

-- --------------------------------------------------------

--
-- Cấu trúc bảng cho bảng `timemail`
--

CREATE TABLE `timemail` (
  `id` int(11) NOT NULL,
  `to_email` varchar(50) DEFAULT NULL,
  `from` varchar(50) DEFAULT NULL,
  `subject` varchar(50) DEFAULT NULL,
  `content` text,
  `send_at` datetime DEFAULT NULL,
  `timestamp` timestamp NOT NULL DEFAULT CURRENT_TIMESTAMP,
  `check` int(11) NOT NULL DEFAULT '0'
) ENGINE=InnoDB DEFAULT CHARSET=utf8mb4;

--
-- Đang đổ dữ liệu cho bảng `timemail`
--

INSERT INTO `timemail` (`id`, `to_email`, `from`, `subject`, `content`, `send_at`, `timestamp`, `check`) VALUES
(7, 'minhb8909@gmail.com', 'a', 'a', '123', '2024-03-14 00:32:00', '2024-03-14 17:37:15', 1),
(8, 'minhb8909@gmail.com', 'minh', 'Nhắc nhở', 'nhớ làm nốt web', '2024-03-15 18:55:00', '2024-03-14 18:55:41', 1),
(9, 'minhb8909@gmail.com', 'meof', '1 tuần của bạn như nào rồi', 'Chào Minh của 5 phút sau nhé', '2024-03-15 15:18:00', '2024-03-15 08:07:48', 1),
(10, 'minhb8909@gmail.com', 'minh', 'Nhắc nhở', 'kỉ niệm 1 năm', '2024-05-06 23:55:00', '2024-03-18 04:43:14', 1),
(11, 'tranquyen.09012006@gmail.com', 'Tquien', 'Helo', 'Ai lợp you', '2024-03-20 06:30:00', '2024-03-19 15:29:15', 1),
(13, 'minhb8909@gmail.com', 'meof', 'Test thử', 'Test thôi ko có gì', '2024-03-26 17:56:00', '2024-03-26 10:54:09', 1),
(14, 'minhb8909@gmail.com', 'meof', 'Nhớ học bài ôn thi', 'Ôn thi toán rời rạc đi em ơi đừng có lười nữa', '2024-03-27 18:05:00', '2024-03-26 11:03:22', 1),
(15, 'minhb8909@gmail.com', 'meof', 'Test update', '2h ăn mì xong', '2024-05-17 02:00:00', '2024-05-16 18:50:39', 1),
(16, 'minhb8909@gmail.com', 'meof', 'Nhắc nhở', 'Nhắc nhở lịch thi', '2024-05-31 02:58:00', '2024-05-27 07:59:05', 1),
(17, NULL, NULL, NULL, NULL, NULL, '2024-07-01 00:33:21', 0);

-- --------------------------------------------------------

--
-- Cấu trúc bảng cho bảng `user`
--

CREATE TABLE `user` (
  `username` varchar(255) CHARACTER SET utf8mb4 COLLATE utf8mb4_unicode_ci NOT NULL,
  `password` varchar(255) CHARACTER SET utf8mb4 COLLATE utf8mb4_unicode_ci NOT NULL,
  `email` varchar(225) CHARACTER SET utf8mb4 COLLATE utf8mb4_unicode_ci NOT NULL,
  `description` text CHARACTER SET utf8mb4 COLLATE utf8mb4_unicode_ci,
  `nickname` varchar(255) CHARACTER SET utf8mb4 COLLATE utf8mb4_unicode_ci DEFAULT NULL,
  `iduser` int(11) NOT NULL,
  `time_create` timestamp NOT NULL DEFAULT CURRENT_TIMESTAMP
) ENGINE=InnoDB DEFAULT CHARSET=utf8mb4;

--
-- Đang đổ dữ liệu cho bảng `user`
--

INSERT INTO `user` (`username`, `password`, `email`, `description`, `nickname`, `iduser`, `time_create`) VALUES
('04DlFwht', 'llcarvSPc1', '04DlFwht@gmail.com', 'Hello, I am 04DlFwht.', '04DlFwht', 2233, '2024-01-10 06:02:54'),
('05gyhaTt', 'R2u7ySPIsL', '05gyhaTt@gmail.com', 'Hello, I am 05gyhaTt.', '05gyhaTt', 3014, '2024-01-10 06:02:54'),
('089KTzuB', 'TE1hl3f3nX', '089KTzuB@gmail.com', 'Hello, I am 089KTzuB.', '089KTzuB', 2888, '2024-01-10 06:02:54'),
('08qXiE5Z', 'RAXUK37Pws', '08qXiE5Z@gmail.com', 'Hello, I am 08qXiE5Z.', '08qXiE5Z', 2531, '2024-01-10 06:02:54'),
('0aa3fsSz', 'yswSAE80CV', '0aa3fsSz@gmail.com', 'Hello, I am 0aa3fsSz.', '0aa3fsSz', 2517, '2024-01-10 06:02:54'),
('0cCM7HV7', 'kk7cJpUFZF', '0cCM7HV7@gmail.com', 'Hello, I am 0cCM7HV7.', '0cCM7HV7', 2963, '2024-01-10 06:02:54'),
('0Cqx7NNM', '0e4uo7DP6M', '0Cqx7NNM@gmail.com', 'Hello, I am 0Cqx7NNM.', '0Cqx7NNM', 2673, '2024-01-10 06:02:54'),
('0EHQSs5i', 'IVgVQlz3GN', '0EHQSs5i@gmail.com', 'Hello, I am 0EHQSs5i.', '0EHQSs5i', 2756, '2024-01-10 06:02:54'),
('0eMjjp5L', 'M3kfWBnG2K', '0eMjjp5L@gmail.com', 'Hello, I am 0eMjjp5L.', '0eMjjp5L', 2171, '2024-01-10 06:02:54'),
('0f6GEeTR', 'gmdkEbBBrd', '0f6GEeTR@gmail.com', 'Hello, I am 0f6GEeTR.', '0f6GEeTR', 2777, '2024-01-10 06:02:54'),
('0G2fZql5', '3aNqq0JB7L', '0G2fZql5@gmail.com', 'Hello, I am 0G2fZql5.', '0G2fZql5', 3000, '2024-01-10 06:02:54'),
('0gyPTvlf', 'ZxNQhrk5Gm', '0gyPTvlf@gmail.com', 'Hello, I am 0gyPTvlf.', '0gyPTvlf', 2319, '2024-01-10 06:02:54'),
('0jPXmkz2', 'k6ddY3mzPk', '0jPXmkz2@gmail.com', 'Hello, I am 0jPXmkz2.', '0jPXmkz2', 2537, '2024-01-10 06:02:54'),
('0mIlCPeA', 'kPAmFTynaV', '0mIlCPeA@gmail.com', 'Hello, I am 0mIlCPeA.', '0mIlCPeA', 2256, '2024-01-10 06:02:54'),
('0rAzm73W', 'lQKqrEQVHR', '0rAzm73W@gmail.com', 'Hello, I am 0rAzm73W.', '0rAzm73W', 2527, '2024-01-10 06:02:54'),
('0rTSkE79', 'fHdAVGdIiR', '0rTSkE79@gmail.com', 'Hello, I am 0rTSkE79.', '0rTSkE79', 3007, '2024-01-10 06:02:54'),
('0sU5SZ9K', 'eDKIv4T39f', '0sU5SZ9K@gmail.com', 'Hello, I am 0sU5SZ9K.', '0sU5SZ9K', 2410, '2024-01-10 06:02:54'),
('0zex0JLE', 'TLgiWOfo8c', '0zex0JLE@gmail.com', 'Hello, I am 0zex0JLE.', '0zex0JLE', 2437, '2024-01-10 06:02:54'),
('123huy', '$2y$10$2tXbTKGTF/pSJyPx/8kXAODKtdQmVOAQvOjB7dYhc2FdtzGDRw.SS', 'huy123@gmail.com', NULL, '123', 10000519, '2024-01-10 06:20:28'),
('15jxaJut', '6nND952a4X', '15jxaJut@gmail.com', 'Hello, I am 15jxaJut.', '15jxaJut', 2315, '2024-01-10 06:02:54'),
('17NA34ZX', 'KYcqLbiXsU', '17NA34ZX@gmail.com', 'Hello, I am 17NA34ZX.', '17NA34ZX', 2178, '2024-01-10 06:02:54'),
('1Dnotps7', '9PA94Y3Kg3', '1Dnotps7@gmail.com', 'Hello, I am 1Dnotps7.', '1Dnotps7', 2658, '2024-01-10 06:02:54'),
('1DWQtSxU', 'mjMDGpsUOX', '1DWQtSxU@gmail.com', 'Hello, I am 1DWQtSxU.', '1DWQtSxU', 2754, '2024-01-10 06:02:54'),
('1fco5b9A', 'TeBYxOfF8m', '1fco5b9A@gmail.com', 'Hello, I am 1fco5b9A.', '1fco5b9A', 2792, '2024-01-10 06:02:54'),
('1fff242b', 'BA6kRpldB1', '1fff242b@gmail.com', 'Hello, I am 1fff242b.', '1fff242b', 2767, '2024-01-10 06:02:54'),
('1FIbXAfL', '2DOw79tYSq', '1FIbXAfL@gmail.com', 'Hello, I am 1FIbXAfL.', '1FIbXAfL', 2026, '2024-01-10 06:02:54'),
('1FKsdIZg', 'NPcaIVUuiu', '1FKsdIZg@gmail.com', 'Hello, I am 1FKsdIZg.', '1FKsdIZg', 2891, '2024-01-10 06:02:54'),
('1Fl6lgIp', 'OKmRZr8YWb', '1Fl6lgIp@gmail.com', 'Hello, I am 1Fl6lgIp.', '1Fl6lgIp', 2528, '2024-01-10 06:02:54'),
('1iaSnWAw', '8wWx3ZwobA', '1iaSnWAw@gmail.com', 'Hello, I am 1iaSnWAw.', '1iaSnWAw', 2473, '2024-01-10 06:02:54'),
('1qlnhKWN', 'R3xfNIPdZo', '1qlnhKWN@gmail.com', 'Hello, I am 1qlnhKWN.', '1qlnhKWN', 2449, '2024-01-10 06:02:54'),
('1QyGPguL', 'LcRAeBq5IA', '1QyGPguL@gmail.com', 'Hello, I am 1QyGPguL.', '1QyGPguL', 2432, '2024-01-10 06:02:54'),
('1S5jy1vc', 'fv8t98VTaY', '1S5jy1vc@gmail.com', 'Hello, I am 1S5jy1vc.', '1S5jy1vc', 2685, '2024-01-10 06:02:54'),
('1T6REgRU', 'j19sd3zeIt', '1T6REgRU@gmail.com', 'Hello, I am 1T6REgRU.', '1T6REgRU', 2237, '2024-01-10 06:02:54'),
('1vjH7VPq', 'NslZ2c93Pz', '1vjH7VPq@gmail.com', 'Hello, I am 1vjH7VPq.', '1vjH7VPq', 2469, '2024-01-10 06:02:54'),
('1WnAUe0j', 'yetTo7cAIK', '1WnAUe0j@gmail.com', 'Hello, I am 1WnAUe0j.', '1WnAUe0j', 2298, '2024-01-10 06:02:54'),
('1ydumdDT', 'x9i0qoHtN4', '1ydumdDT@gmail.com', 'Hello, I am 1ydumdDT.', '1ydumdDT', 2389, '2024-01-10 06:02:54'),
('1yqCOGSh', 'VL4WTReO1S', '1yqCOGSh@gmail.com', 'Hello, I am 1yqCOGSh.', '1yqCOGSh', 2692, '2024-01-10 06:02:54'),
('1YrROG1Q', 'MMIzWKay2w', '1YrROG1Q@gmail.com', 'Hello, I am 1YrROG1Q.', '1YrROG1Q', 2023, '2024-01-10 06:02:54'),
('206i36v7', 'rKQ6PrNZfK', '206i36v7@gmail.com', 'Hello, I am 206i36v7.', '206i36v7', 2325, '2024-01-10 06:02:54'),
('20owa4Jj', 'tkwVuE0TbX', '20owa4Jj@gmail.com', 'Hello, I am 20owa4Jj.', '20owa4Jj', 2825, '2024-01-10 06:02:54'),
('22YE6KCM', '5jgO9JsHA5', '22YE6KCM@gmail.com', 'Hello, I am 22YE6KCM.', '22YE6KCM', 2722, '2024-01-10 06:02:54'),
('24stEsqv', 'g0G1LDFKaN', '24stEsqv@gmail.com', 'Hello, I am 24stEsqv.', '24stEsqv', 2912, '2024-01-10 06:02:54'),
('26cw6ai8', 'I5dvt5G7WE', '26cw6ai8@gmail.com', 'Hello, I am 26cw6ai8.', '26cw6ai8', 2809, '2024-01-10 06:02:54'),
('2aihfMGQ', 'S6Pzqfx3oc', '2aihfMGQ@gmail.com', 'Hello, I am 2aihfMGQ.', '2aihfMGQ', 2614, '2024-01-10 06:02:54'),
('2AYh40cY', 'yjzAGi00bK', '2AYh40cY@gmail.com', 'Hello, I am 2AYh40cY.', '2AYh40cY', 2660, '2024-01-10 06:02:54'),
('2cc3vGqm', 'lGpoNV72qm', '2cc3vGqm@gmail.com', 'Hello, I am 2cc3vGqm.', '2cc3vGqm', 2559, '2024-01-10 06:02:54'),
('2dKVtcPQ', 'mOkGFeYJLO', '2dKVtcPQ@gmail.com', 'Hello, I am 2dKVtcPQ.', '2dKVtcPQ', 2997, '2024-01-10 06:02:54'),
('2KxlwcYG', 'FyGhp4PNqy', '2KxlwcYG@gmail.com', 'Hello, I am 2KxlwcYG.', '2KxlwcYG', 2848, '2024-01-10 06:02:54'),
('2N0cgea9', 'nvofmmt3cn', '2N0cgea9@gmail.com', 'Hello, I am 2N0cgea9.', '2N0cgea9', 2859, '2024-01-10 06:02:54'),
('2OJFTWkS', '4KUifXJCAn', '2OJFTWkS@gmail.com', 'Hello, I am 2OJFTWkS.', '2OJFTWkS', 2098, '2024-01-10 06:02:54'),
('2pZYpeoi', 'bdQAAu5g5o', '2pZYpeoi@gmail.com', 'Hello, I am 2pZYpeoi.', '2pZYpeoi', 2354, '2024-01-10 06:02:54'),
('2ruVJaH4', 'ynfIAkAp3h', '2ruVJaH4@gmail.com', 'Hello, I am 2ruVJaH4.', '2ruVJaH4', 2475, '2024-01-10 06:02:54'),
('2SD0wyeb', 'U9zpLsSlB6', '2SD0wyeb@gmail.com', 'Hello, I am 2SD0wyeb.', '2SD0wyeb', 2804, '2024-01-10 06:02:54'),
('2TnV6T2K', 'J6pwjQSMVE', '2TnV6T2K@gmail.com', 'Hello, I am 2TnV6T2K.', '2TnV6T2K', 2761, '2024-01-10 06:02:54'),
('31AaEsA7', 'MHq3dnKjOo', '31AaEsA7@gmail.com', 'Hello, I am 31AaEsA7.', '31AaEsA7', 2994, '2024-01-10 06:02:54'),
('35XUY3MK', 'BfNSEf0CqN', '35XUY3MK@gmail.com', 'Hello, I am 35XUY3MK.', '35XUY3MK', 2772, '2024-01-10 06:02:54'),
('37odKjrx', 'v6Df0qQySR', '37odKjrx@gmail.com', 'Hello, I am 37odKjrx.', '37odKjrx', 2608, '2024-01-10 06:02:54'),
('3ACyy0Qq', 'jEC2Z6IOCa', '3ACyy0Qq@gmail.com', 'Hello, I am 3ACyy0Qq.', '3ACyy0Qq', 2407, '2024-01-10 06:02:54'),
('3amPXd6t', 'FDQTppWN0A', '3amPXd6t@gmail.com', 'Hello, I am 3amPXd6t.', '3amPXd6t', 2489, '2024-01-10 06:02:54'),
('3g9yjcLK', 'Q2CiKAPJMI', '3g9yjcLK@gmail.com', 'Hello, I am 3g9yjcLK.', '3g9yjcLK', 2509, '2024-01-10 06:02:54'),
('3GhB0mfW', 'EkhDog46Lv', '3GhB0mfW@gmail.com', 'Hello, I am 3GhB0mfW.', '3GhB0mfW', 2040, '2024-01-10 06:02:54'),
('3gts2mX5', 'MX1LHbikMW', '3gts2mX5@gmail.com', 'Hello, I am 3gts2mX5.', '3gts2mX5', 2160, '2024-01-10 06:02:54'),
('3jsmEm0P', 'e0EPoMZtr1', '3jsmEm0P@gmail.com', 'Hello, I am 3jsmEm0P.', '3jsmEm0P', 2295, '2024-01-10 06:02:54'),
('3ku4Qwd5', 'lRCXmwJkgH', '3ku4Qwd5@gmail.com', 'Hello, I am 3ku4Qwd5.', '3ku4Qwd5', 2687, '2024-01-10 06:02:54'),
('3nyGNgHc', 'S0zsRaajPz', '3nyGNgHc@gmail.com', 'Hello, I am 3nyGNgHc.', '3nyGNgHc', 2984, '2024-01-10 06:02:54'),
('3pra6pz6', 'uHm1bT4kOa', '3pra6pz6@gmail.com', 'Hello, I am 3pra6pz6.', '3pra6pz6', 2634, '2024-01-10 06:02:54'),
('3qMgz7pE', 'I7zE5HCOTb', '3qMgz7pE@gmail.com', 'Hello, I am 3qMgz7pE.', '3qMgz7pE', 2877, '2024-01-10 06:02:54'),
('3rCkMJ3B', 'uzSBi6SaV6', '3rCkMJ3B@gmail.com', 'Hello, I am 3rCkMJ3B.', '3rCkMJ3B', 2149, '2024-01-10 06:02:54'),
('3s0iVdzX', 'CzCaFmEcFn', '3s0iVdzX@gmail.com', 'Hello, I am 3s0iVdzX.', '3s0iVdzX', 2486, '2024-01-10 06:02:54'),
('3sY2y3Fs', '2MKQ0do6u1', '3sY2y3Fs@gmail.com', 'Hello, I am 3sY2y3Fs.', '3sY2y3Fs', 2697, '2024-01-10 06:02:54'),
('3UrHFrTy', 'hGEgpYDRDY', '3UrHFrTy@gmail.com', 'Hello, I am 3UrHFrTy.', '3UrHFrTy', 2382, '2024-01-10 06:02:54'),
('3w1nps4H', 'r9IOP1Bacm', '3w1nps4H@gmail.com', 'Hello, I am 3w1nps4H.', '3w1nps4H', 3017, '2024-01-10 06:02:54'),
('3W1YphIj', 'lMmbdKjyli', '3W1YphIj@gmail.com', 'Hello, I am 3W1YphIj.', '3W1YphIj', 2915, '2024-01-10 06:02:54'),
('41VsbpEl', 'MaJqx4WBUK', '41VsbpEl@gmail.com', 'Hello, I am 41VsbpEl.', '41VsbpEl', 2334, '2024-01-10 06:02:54'),
('49d7Eiyi', 'fDdtBtnGF9', '49d7Eiyi@gmail.com', 'Hello, I am 49d7Eiyi.', '49d7Eiyi', 2529, '2024-01-10 06:02:54'),
('4Adxo6UM', 'ltpTn0Nqo8', '4Adxo6UM@gmail.com', 'Hello, I am 4Adxo6UM.', '4Adxo6UM', 2557, '2024-01-10 06:02:54'),
('4C3rIg5p', 'o0AgzTcLEu', '4C3rIg5p@gmail.com', 'Hello, I am 4C3rIg5p.', '4C3rIg5p', 2321, '2024-01-10 06:02:54'),
('4DatIo1z', 'bP6mXLZUEK', '4DatIo1z@gmail.com', 'Hello, I am 4DatIo1z.', '4DatIo1z', 3006, '2024-01-10 06:02:54'),
('4eX3W3Aw', 'Qw9QQvzgG0', '4eX3W3Aw@gmail.com', 'Hello, I am 4eX3W3Aw.', '4eX3W3Aw', 2824, '2024-01-10 06:02:54'),
('4la5eKLE', 'rXWdc0oZZm', '4la5eKLE@gmail.com', 'Hello, I am 4la5eKLE.', '4la5eKLE', 2541, '2024-01-10 06:02:54'),
('4LWwRE7E', 'jCwNUreTMv', '4LWwRE7E@gmail.com', 'Hello, I am 4LWwRE7E.', '4LWwRE7E', 2628, '2024-01-10 06:02:54'),
('4Nq1RhC7', 'wUPIlqu9VA', '4Nq1RhC7@gmail.com', 'Hello, I am 4Nq1RhC7.', '4Nq1RhC7', 2145, '2024-01-10 06:02:54'),
('4oN5r4LZ', 'Dh8H0WiyLT', '4oN5r4LZ@gmail.com', 'Hello, I am 4oN5r4LZ.', '4oN5r4LZ', 2351, '2024-01-10 06:02:54'),
('4QjajIG0', 'UJZQrtXIK7', '4QjajIG0@gmail.com', 'Hello, I am 4QjajIG0.', '4QjajIG0', 2229, '2024-01-10 06:02:54'),
('4teqPxzr', 'GoFTdKULKM', '4teqPxzr@gmail.com', 'Hello, I am 4teqPxzr.', '4teqPxzr', 2447, '2024-01-10 06:02:54'),
('4U02w045', 'QbfpK8TYkt', '4U02w045@gmail.com', 'Hello, I am 4U02w045.', '4U02w045', 2544, '2024-01-10 06:02:54'),
('4W8uRlcU', 'THnRXJymDP', '4W8uRlcU@gmail.com', 'Hello, I am 4W8uRlcU.', '4W8uRlcU', 2083, '2024-01-10 06:02:54'),
('4zPz34vP', 'AcsK5Ps3ft', '4zPz34vP@gmail.com', 'Hello, I am 4zPz34vP.', '4zPz34vP', 2386, '2024-01-10 06:02:54'),
('5aRYnMc6', 'Eu05Ijljfe', '5aRYnMc6@gmail.com', 'Hello, I am 5aRYnMc6.', '5aRYnMc6', 2840, '2024-01-10 06:02:54'),
('5BD7MY0N', 'mLMhmcDsAd', '5BD7MY0N@gmail.com', 'Hello, I am 5BD7MY0N.', '5BD7MY0N', 2025, '2024-01-10 06:02:54'),
('5BoJZIKs', 'bbFUhnPgWi', '5BoJZIKs@gmail.com', 'Hello, I am 5BoJZIKs.', '5BoJZIKs', 2300, '2024-01-10 06:02:54'),
('5BQPtoFb', 'NuwXNlhB6y', '5BQPtoFb@gmail.com', 'Hello, I am 5BQPtoFb.', '5BQPtoFb', 2301, '2024-01-10 06:02:54'),
('5c9YGrBp', 'RUWGRnrAwd', '5c9YGrBp@gmail.com', 'Hello, I am 5c9YGrBp.', '5c9YGrBp', 2909, '2024-01-10 06:02:54'),
('5ffrT0M8', 'HJJKM8EMUW', '5ffrT0M8@gmail.com', 'Hello, I am 5ffrT0M8.', '5ffrT0M8', 2738, '2024-01-10 06:02:54'),
('5FkEmZRJ', 'OGiodPB5XV', '5FkEmZRJ@gmail.com', 'Hello, I am 5FkEmZRJ.', '5FkEmZRJ', 2212, '2024-01-10 06:02:54'),
('5jKCiUMT', 'C41kRhC7T4', '5jKCiUMT@gmail.com', 'Hello, I am 5jKCiUMT.', '5jKCiUMT', 2989, '2024-01-10 06:02:54'),
('5JS73pp8', 'lxdD237mnK', '5JS73pp8@gmail.com', 'Hello, I am 5JS73pp8.', '5JS73pp8', 2894, '2024-01-10 06:02:54'),
('5RI6Qbrz', 'xEnPWsGFMX', '5RI6Qbrz@gmail.com', 'Hello, I am 5RI6Qbrz.', '5RI6Qbrz', 2314, '2024-01-10 06:02:54'),
('5sDdr5sg', 'OzNuQcLkvs', '5sDdr5sg@gmail.com', 'Hello, I am 5sDdr5sg.', '5sDdr5sg', 2964, '2024-01-10 06:02:54'),
('5STCLhxi', '45PDyaoqKY', '5STCLhxi@gmail.com', 'Hello, I am 5STCLhxi.', '5STCLhxi', 2387, '2024-01-10 06:02:54'),
('5viogZLi', 'FWNgUF8ygP', '5viogZLi@gmail.com', 'Hello, I am 5viogZLi.', '5viogZLi', 2340, '2024-01-10 06:02:54'),
('5wcxMOpR', 'PZmRIsR7bh', '5wcxMOpR@gmail.com', 'Hello, I am 5wcxMOpR.', '5wcxMOpR', 2033, '2024-01-10 06:02:54'),
('5wOs1Unn', '9ytOjYsuEt', '5wOs1Unn@gmail.com', 'Hello, I am 5wOs1Unn.', '5wOs1Unn', 2254, '2024-01-10 06:02:54'),
('5XAKm6IY', 'QTsOdBq1EU', '5XAKm6IY@gmail.com', 'Hello, I am 5XAKm6IY.', '5XAKm6IY', 2606, '2024-01-10 06:02:54'),
('5zKPM6nt', 'bS8r68rPEN', '5zKPM6nt@gmail.com', 'Hello, I am 5zKPM6nt.', '5zKPM6nt', 2217, '2024-01-10 06:02:54'),
('60pVZ59K', 'oNkcELwZoy', '60pVZ59K@gmail.com', 'Hello, I am 60pVZ59K.', '60pVZ59K', 2561, '2024-01-10 06:02:54'),
('64vBZJbD', 'wVH18hmYfl', '64vBZJbD@gmail.com', 'Hello, I am 64vBZJbD.', '64vBZJbD', 2227, '2024-01-10 06:02:54'),
('6aYGmpix', 'kHewvTrBrr', '6aYGmpix@gmail.com', 'Hello, I am 6aYGmpix.', '6aYGmpix', 2701, '2024-01-10 06:02:54'),
('6BpR446f', 'bp6rgqYtmC', '6BpR446f@gmail.com', 'Hello, I am 6BpR446f.', '6BpR446f', 2141, '2024-01-10 06:02:54'),
('6do42p9p', 'HcuAm0PeJr', '6do42p9p@gmail.com', 'Hello, I am 6do42p9p.', '6do42p9p', 2483, '2024-01-10 06:02:54'),
('6EiBrP6k', 'Hzxts2PimR', '6EiBrP6k@gmail.com', 'Hello, I am 6EiBrP6k.', '6EiBrP6k', 2272, '2024-01-10 06:02:54'),
('6GtgjJPB', 'Ze27Ml3GnE', '6GtgjJPB@gmail.com', 'Hello, I am 6GtgjJPB.', '6GtgjJPB', 2495, '2024-01-10 06:02:54'),
('6LaPxJXH', 'XGCFKaZt2c', '6LaPxJXH@gmail.com', 'Hello, I am 6LaPxJXH.', '6LaPxJXH', 2630, '2024-01-10 06:02:54'),
('6lNsTWUm', 'hFhNhYpxES', '6lNsTWUm@gmail.com', 'Hello, I am 6lNsTWUm.', '6lNsTWUm', 2047, '2024-01-10 06:02:54'),
('6MjVmcik', 'Fm34v75kvh', '6MjVmcik@gmail.com', 'Hello, I am 6MjVmcik.', '6MjVmcik', 2138, '2024-01-10 06:02:54'),
('6MnWxbt9', 'AqnNOWExcm', '6MnWxbt9@gmail.com', 'Hello, I am 6MnWxbt9.', '6MnWxbt9', 2645, '2024-01-10 06:02:54'),
('6Pc8QsPr', 'THA7noVdX9', '6Pc8QsPr@gmail.com', 'Hello, I am 6Pc8QsPr.', '6Pc8QsPr', 2700, '2024-01-10 06:02:54'),
('6s8nvxeI', 'wjNgaTXuxA', '6s8nvxeI@gmail.com', 'Hello, I am 6s8nvxeI.', '6s8nvxeI', 2049, '2024-01-10 06:02:54'),
('6WJUECJu', 'hydmUD8SVf', '6WJUECJu@gmail.com', 'Hello, I am 6WJUECJu.', '6WJUECJu', 2584, '2024-01-10 06:02:54'),
('6WnfaiMX', 'tAVIZcCZVl', '6WnfaiMX@gmail.com', 'Hello, I am 6WnfaiMX.', '6WnfaiMX', 2588, '2024-01-10 06:02:54'),
('6xXsylA0', 'LvIzIOH6F1', '6xXsylA0@gmail.com', 'Hello, I am 6xXsylA0.', '6xXsylA0', 2463, '2024-01-10 06:02:54'),
('6yzCa6wf', 'IVDyRCblpA', '6yzCa6wf@gmail.com', 'Hello, I am 6yzCa6wf.', '6yzCa6wf', 2586, '2024-01-10 06:02:54'),
('700WSF1s', 'j4tb7bMOTn', '700WSF1s@gmail.com', 'Hello, I am 700WSF1s.', '700WSF1s', 2732, '2024-01-10 06:02:54'),
('71R1V9JG', '6nbmKJKCNk', '71R1V9JG@gmail.com', 'Hello, I am 71R1V9JG.', '71R1V9JG', 2024, '2024-01-10 06:02:54'),
('76bWICkH', 'rlfqPbgYiW', '76bWICkH@gmail.com', 'Hello, I am 76bWICkH.', '76bWICkH', 2248, '2024-01-10 06:02:54'),
('78N9pwFx', 'kwqtGHgH6B', '78N9pwFx@gmail.com', 'Hello, I am 78N9pwFx.', '78N9pwFx', 2230, '2024-01-10 06:02:54'),
('7AGmtEiP', 'X8wi8vvP86', '7AGmtEiP@gmail.com', 'Hello, I am 7AGmtEiP.', '7AGmtEiP', 2807, '2024-01-10 06:02:54'),
('7DM3rBM6', '6IpoelS1jb', '7DM3rBM6@gmail.com', 'Hello, I am 7DM3rBM6.', '7DM3rBM6', 2108, '2024-01-10 06:02:54'),
('7GC4oEgC', 'mwOCPKPJFR', '7GC4oEgC@gmail.com', 'Hello, I am 7GC4oEgC.', '7GC4oEgC', 2056, '2024-01-10 06:02:54'),
('7nXpVQbp', 'tHh5GOrH1X', '7nXpVQbp@gmail.com', 'Hello, I am 7nXpVQbp.', '7nXpVQbp', 2349, '2024-01-10 06:02:54'),
('7ouG5MHU', 'nacBP6w8WG', '7ouG5MHU@gmail.com', 'Hello, I am 7ouG5MHU.', '7ouG5MHU', 2801, '2024-01-10 06:02:54'),
('7pFeFTad', 'f6I0UDXtoc', '7pFeFTad@gmail.com', 'Hello, I am 7pFeFTad.', '7pFeFTad', 2290, '2024-01-10 06:02:54'),
('7qmRZRGg', 'SSbfWiSyS7', '7qmRZRGg@gmail.com', 'Hello, I am 7qmRZRGg.', '7qmRZRGg', 2516, '2024-01-10 06:02:54'),
('7VKNzNqa', 'liIlCZ8A0S', '7VKNzNqa@gmail.com', 'Hello, I am 7VKNzNqa.', '7VKNzNqa', 2086, '2024-01-10 06:02:54'),
('7wDYovwU', 'uCcyHlecJQ', '7wDYovwU@gmail.com', 'Hello, I am 7wDYovwU.', '7wDYovwU', 2982, '2024-01-10 06:02:54'),
('7xlhKkXF', 'qhPcja4Fjb', '7xlhKkXF@gmail.com', 'Hello, I am 7xlhKkXF.', '7xlhKkXF', 2889, '2024-01-10 06:02:54'),
('7ZZ7omdL', '5hNk2idgDC', '7ZZ7omdL@gmail.com', 'Hello, I am 7ZZ7omdL.', '7ZZ7omdL', 2667, '2024-01-10 06:02:54'),
('82gkU9E0', 'p2AHMy32kE', '82gkU9E0@gmail.com', 'Hello, I am 82gkU9E0.', '82gkU9E0', 2054, '2024-01-10 06:02:54'),
('83M4kElL', '8LYBCmPL9z', '83M4kElL@gmail.com', 'Hello, I am 83M4kElL.', '83M4kElL', 2355, '2024-01-10 06:02:54'),
('8742z1ZI', 'nV4PmhtaRn', '8742z1ZI@gmail.com', 'Hello, I am 8742z1ZI.', '8742z1ZI', 2162, '2024-01-10 06:02:54'),
('8AtXrlbx', 'USpmkg6Rne', '8AtXrlbx@gmail.com', 'Hello, I am 8AtXrlbx.', '8AtXrlbx', 2485, '2024-01-10 06:02:54'),
('8cYDyFnc', 'DnPsbTQ8pV', '8cYDyFnc@gmail.com', 'Hello, I am 8cYDyFnc.', '8cYDyFnc', 2962, '2024-01-10 06:02:54'),
('8EIaAd9w', '6mmfdjyp5a', '8EIaAd9w@gmail.com', 'Hello, I am 8EIaAd9w.', '8EIaAd9w', 2441, '2024-01-10 06:02:54'),
('8f1Wqoaf', '9oVJX8LXVw', '8f1Wqoaf@gmail.com', 'Hello, I am 8f1Wqoaf.', '8f1Wqoaf', 2287, '2024-01-10 06:02:54'),
('8h7LcuCa', 'zYy4n9dbXZ', '8h7LcuCa@gmail.com', 'Hello, I am 8h7LcuCa.', '8h7LcuCa', 2550, '2024-01-10 06:02:54'),
('8lPk89lm', 'edOGGa96yE', '8lPk89lm@gmail.com', 'Hello, I am 8lPk89lm.', '8lPk89lm', 2750, '2024-01-10 06:02:54'),
('8oAzabmC', 'x44dC45tzQ', '8oAzabmC@gmail.com', 'Hello, I am 8oAzabmC.', '8oAzabmC', 2522, '2024-01-10 06:02:54'),
('8pDC5Tcp', 'TLGDn9RCsa', '8pDC5Tcp@gmail.com', 'Hello, I am 8pDC5Tcp.', '8pDC5Tcp', 2918, '2024-01-10 06:02:54'),
('8UC0Mjge', 'cFap3AHUSq', '8UC0Mjge@gmail.com', 'Hello, I am 8UC0Mjge.', '8UC0Mjge', 2855, '2024-01-10 06:02:54'),
('8vH23Ozv', 'WsGeKCZP0Q', '8vH23Ozv@gmail.com', 'Hello, I am 8vH23Ozv.', '8vH23Ozv', 2787, '2024-01-10 06:02:54'),
('8XvZqgrM', 'zQDSJDvyZU', '8XvZqgrM@gmail.com', 'Hello, I am 8XvZqgrM.', '8XvZqgrM', 2154, '2024-01-10 06:02:54'),
('8ZmJCooE', 'N2ikspxgor', '8ZmJCooE@gmail.com', 'Hello, I am 8ZmJCooE.', '8ZmJCooE', 2589, '2024-01-10 06:02:54'),
('8ZpG4Ewg', 'TW58JVXGdF', '8ZpG4Ewg@gmail.com', 'Hello, I am 8ZpG4Ewg.', '8ZpG4Ewg', 2567, '2024-01-10 06:02:54'),
('91g6GSi6', 'bc2fYuysZg', '91g6GSi6@gmail.com', 'Hello, I am 91g6GSi6.', '91g6GSi6', 2361, '2024-01-10 06:02:54'),
('96oIT0i1', 'i7c1cUdIqH', '96oIT0i1@gmail.com', 'Hello, I am 96oIT0i1.', '96oIT0i1', 2059, '2024-01-10 06:02:54'),
('9ejxBeiv', '0SoAe7MK7C', '9ejxBeiv@gmail.com', 'Hello, I am 9ejxBeiv.', '9ejxBeiv', 2686, '2024-01-10 06:02:54'),
('9FIKvKRj', '5ij2IXhDKJ', '9FIKvKRj@gmail.com', 'Hello, I am 9FIKvKRj.', '9FIKvKRj', 2365, '2024-01-10 06:02:54'),
('9HFiBoiS', 'gXURXApyf8', '9HFiBoiS@gmail.com', 'Hello, I am 9HFiBoiS.', '9HFiBoiS', 2817, '2024-01-10 06:02:54'),
('9L3nAUQu', 'uwNxg9iEFI', '9L3nAUQu@gmail.com', 'Hello, I am 9L3nAUQu.', '9L3nAUQu', 2764, '2024-01-10 06:02:54'),
('9MTkVBtH', '95IGXO1ZDP', '9MTkVBtH@gmail.com', 'Hello, I am 9MTkVBtH.', '9MTkVBtH', 2192, '2024-01-10 06:02:54'),
('9QBOpl8G', '2f5q4fGKWj', '9QBOpl8G@gmail.com', 'Hello, I am 9QBOpl8G.', '9QBOpl8G', 2816, '2024-01-10 06:02:54'),
('9ShQ1Dk7', '6O1aPE8IEE', '9ShQ1Dk7@gmail.com', 'Hello, I am 9ShQ1Dk7.', '9ShQ1Dk7', 3008, '2024-01-10 06:02:54'),
('9T2nMA2M', 'MYs5w6ifob', '9T2nMA2M@gmail.com', 'Hello, I am 9T2nMA2M.', '9T2nMA2M', 2125, '2024-01-10 06:02:54'),
('9udc6vVd', '0lwP6KjknK', '9udc6vVd@gmail.com', 'Hello, I am 9udc6vVd.', '9udc6vVd', 2953, '2024-01-10 06:02:54'),
('9Ulxw0BM', 'PXd0XVZL6U', '9Ulxw0BM@gmail.com', 'Hello, I am 9Ulxw0BM.', '9Ulxw0BM', 2045, '2024-01-10 06:02:54'),
('9Vf2zuQl', 'hiD7ICByfX', '9Vf2zuQl@gmail.com', 'Hello, I am 9Vf2zuQl.', '9Vf2zuQl', 2631, '2024-01-10 06:02:54'),
('9wJJwQdx', 'UPkIsuqJGe', '9wJJwQdx@gmail.com', 'Hello, I am 9wJJwQdx.', '9wJJwQdx', 2221, '2024-01-10 06:02:54'),
('9Z37ZhLz', '8iX4mR7lkJ', '9Z37ZhLz@gmail.com', 'Hello, I am 9Z37ZhLz.', '9Z37ZhLz', 2693, '2024-01-10 06:02:54'),
('a', 'a', 'a@a', 'tài khoản test tạo bởi Bùi Quang Minh', 'tester chuyên nghiệp', 10000430, '2024-01-10 06:02:54'),
('a189198198419849g', '$2y$10$oirZAYIhfne6WNQtmtvpM.kyCqcaU92eFPeZNsF5nHwPplPAdFKau', 'buiminh206@gmail.comm', NULL, 'Người dùng này chưa có biệt danht', 10000526, '2024-01-11 20:56:37'),
('A2zMA4cD', 'oUIKsOBVDm', 'A2zMA4cD@gmail.com', 'Hello, I am A2zMA4cD.', 'A2zMA4cD', 2402, '2024-01-10 06:02:54'),
('A4GL8YO2', 'PTl3yAQTuH', 'A4GL8YO2@gmail.com', 'Hello, I am A4GL8YO2.', 'A4GL8YO2', 2405, '2024-01-10 06:02:54'),
('a4u6DEZ2', '0hKOomz7Ox', 'a4u6DEZ2@gmail.com', 'Hello, I am a4u6DEZ2.', 'a4u6DEZ2', 2077, '2024-01-10 06:02:54'),
('a5oGPusD', 'tv5nwNJrsZ', 'a5oGPusD@gmail.com', 'Hello, I am a5oGPusD.', 'a5oGPusD', 2064, '2024-01-10 06:02:54'),
('a8CegnQL', 'fOGK0ObwrX', 'a8CegnQL@gmail.com', 'Hello, I am a8CegnQL.', 'a8CegnQL', 2736, '2024-01-10 06:02:54'),
('A8mr3YiF', 'TTYgrpG5Tz', 'A8mr3YiF@gmail.com', 'Hello, I am A8mr3YiF.', 'A8mr3YiF', 2813, '2024-01-10 06:02:54'),
('A8n7TQq6', 'DNS5pzn2dj', 'A8n7TQq6@gmail.com', 'Hello, I am A8n7TQq6.', 'A8n7TQq6', 2520, '2024-01-10 06:02:54'),
('aaaaaa', 'A1bcde$a', 'a@a.gmail.com', 'This user haven\'t update description yet', 'This user haven\'t update nickname yet', 10000429, '2024-01-10 06:02:54'),
('aaaammmkmk', 'Minh123$', 'mimimi@mia', 'This user haven\'t update description yet', 'This user haven\'t update nickname yet', 10000441, '2024-01-10 06:02:54'),
('aaaammmkmklkk', 'Minh123$', 'mimimi@miak', 'This user haven\'t update description yet', 'This user haven\'t update nickname yet', 10000442, '2024-01-10 06:02:54'),
('aaaammmkmklkkaa', 'Minh123$', 'mimimi@miakaa', 'This user haven\'t update description yet', 'This user haven\'t update nickname yet', 10000443, '2024-01-10 06:02:54'),
('ab', 'a', 'a@aa', 'This user haven\'t update description yet', 'This user haven\'t update nickname yet', 10000434, '2024-01-10 06:02:54'),
('abababab', 'a', 'abababaab@m', 'This user haven\'t update description yet', 'This user haven\'t update nickname yet', 10000436, '2024-01-10 06:02:54'),
('abbbbb', 'a', 'baaba@a', 'This user haven\'t update description yet', 'This user haven\'t update nickname yet', 10000435, '2024-01-10 06:02:54'),
('abPSvouw', 'Kji77YBtja', 'abPSvouw@gmail.com', 'Hello, I am abPSvouw.', 'abPSvouw', 2369, '2024-01-10 06:02:54'),
('admin minh', 'Minh123$', 'a@xn--az-pia', NULL, 'Người dùng này chưa có biệt danht', 10000488, '2024-01-10 06:02:54'),
('admin2', '$2y$10$qBwFJxvz31tRRpx/J/AlCeZcFwrRrY6qk/kIoZXOW6X76eD1ujVaq', 'admin@gmail.com', NULL, 'assssss', 10000522, '2024-01-10 09:39:47'),
('aDqJ9y0Z', 'CeRHvys6g9', 'aDqJ9y0Z@gmail.com', 'Hello, I am aDqJ9y0Z.', 'aDqJ9y0Z', 2152, '2024-01-10 06:02:54'),
('Ae1xnUSQ', 'nlGrbPXqSY', 'Ae1xnUSQ@gmail.com', 'Hello, I am Ae1xnUSQ.', 'Ae1xnUSQ', 2638, '2024-01-10 06:02:54'),
('AenUVn4u', 'HM4JLyCbLN', 'AenUVn4u@gmail.com', 'Hello, I am AenUVn4u.', 'AenUVn4u', 2831, '2024-01-10 06:02:54'),
('aEukiilw', 'iekxeTFKtq', 'aEukiilw@gmail.com', 'Hello, I am aEukiilw.', 'aEukiilw', 2029, '2024-01-10 06:02:54'),
('aHfhgIAR', 'kFcTEYTcmE', 'aHfhgIAR@gmail.com', 'Hello, I am aHfhgIAR.', 'aHfhgIAR', 2578, '2024-01-10 06:02:54'),
('ahmed_khalid', 'pass456', 'ahmed_khalid@gmail.com', 'مرحبا، أنا أحمد خالد.', 'أحمد', 10000479, '2024-01-10 06:02:54'),
('aiden_anderson', 'pass789', 'aiden_anderson@gmail.com', 'Hello, I am Aiden Anderson.', 'Aiden', 10000500, '2024-01-10 06:02:54'),
('AITYHRIt', 'AnhUrTvtsK', 'AITYHRIt@gmail.com', 'Hello, I am AITYHRIt.', 'AITYHRIt', 2819, '2024-01-10 06:02:54'),
('AjCCNfoq', 'nVsn9qSW9S', 'AjCCNfoq@gmail.com', 'Hello, I am AjCCNfoq.', 'AjCCNfoq', 2328, '2024-01-10 06:02:54'),
('AK8bjd2W', '2go8flLPpd', 'AK8bjd2W@gmail.com', 'Hello, I am AK8bjd2W.', 'AK8bjd2W', 2436, '2024-01-10 06:02:54'),
('akikiki', 'Minh123$', 'a@amk', 'This user haven\'t update description yet', 'a', 10000437, '2024-01-10 06:02:54'),
('akikikim', 'Minh123$', 'a@amka', 'This user haven\'t update description yet', 'a', 10000438, '2024-01-10 06:02:54'),
('akjjJHEU', 'oJgpIUCL1l', 'akjjJHEU@gmail.com', 'Hello, I am akjjJHEU.', 'akjjJHEU', 2592, '2024-01-10 06:02:54'),
('alexander_brown', 'alex777', 'alexander.brown@example.com', 'Hey, I am Alexander Brown.', 'Alex', 10000454, '2024-01-10 06:02:54'),
('alexander_ivanov', 'pass@123', 'alexander_ivanov@gmail.com', 'Здравствуйте, я Александр Иванов.', 'Александр', 10000469, '2024-01-10 06:02:54'),
('alice_smith', 'alice123', 'alice.smith@example.com', 'Hello, I am Alice Smith.', 'Alice', 10000445, '2024-01-10 06:02:54'),
('amelia_martinez', 'pass789', 'amelia_martinez@gmail.com', 'Hi, I am Amelia Martinez.', 'Amelia', 10000503, '2024-01-10 06:02:54'),
('aMuS7nbY', 'gOcKqUM01c', 'aMuS7nbY@gmail.com', 'Hello, I am aMuS7nbY.', 'aMuS7nbY', 2150, '2024-01-10 06:02:54'),
('aNIRGVjV', 'dth2TyZHX1', 'aNIRGVjV@gmail.com', 'Hello, I am aNIRGVjV.', 'aNIRGVjV', 2099, '2024-01-10 06:02:54'),
('anna_kovács', 'mypass123', 'anna_kovacs@gmail.com', 'Hello, I am Anna Kovács.', 'Anna', 10000484, '2024-01-10 06:02:54'),
('AnRFNKnI', 'm9wC4HE228', 'AnRFNKnI@gmail.com', 'Hello, I am AnRFNKnI.', 'AnRFNKnI', 2572, '2024-01-10 06:02:54'),
('aobmW7su', 'G9J8DpwuNk', 'aobmW7su@gmail.com', 'Hello, I am aobmW7su.', 'aobmW7su', 2822, '2024-01-10 06:02:54'),
('AOMqPMyI', 'YnLJNVz3Qu', 'AOMqPMyI@gmail.com', 'Hello, I am AOMqPMyI.', 'AOMqPMyI', 2461, '2024-01-10 06:02:54'),
('ApeV03GK', '0pwjz3RNiM', 'ApeV03GK@gmail.com', 'Hello, I am ApeV03GK.', 'ApeV03GK', 2655, '2024-01-10 06:02:54'),
('apYW6K2j', 'l8viW0GhgX', 'apYW6K2j@gmail.com', 'Hello, I am apYW6K2j.', 'apYW6K2j', 2466, '2024-01-10 06:02:54'),
('aQ2dRm8u', 'RdaAD6M64t', 'aQ2dRm8u@gmail.com', 'Hello, I am aQ2dRm8u.', 'aQ2dRm8u', 2444, '2024-01-10 06:02:54'),
('AQOoRUXi', 'M55aF9tKlC', 'AQOoRUXi@gmail.com', 'Hello, I am AQOoRUXi.', 'AQOoRUXi', 2187, '2024-01-10 06:02:54'),
('AqOqXO9m', 'paKZ522eai', 'AqOqXO9m@gmail.com', 'Hello, I am AqOqXO9m.', 'AqOqXO9m', 2156, '2024-01-10 06:02:54'),
('arS46mjO', 'riKzdITvWP', 'arS46mjO@gmail.com', 'Hello, I am arS46mjO.', 'arS46mjO', 2408, '2024-01-10 06:02:54'),
('ARVWsRr4', 'VDBTu32OPd', 'ARVWsRr4@gmail.com', 'Hello, I am ARVWsRr4.', 'ARVWsRr4', 2585, '2024-01-10 06:02:54'),
('aryO2mP6', 'dZYzplDg3c', 'aryO2mP6@gmail.com', 'Hello, I am aryO2mP6.', 'aryO2mP6', 2954, '2024-01-10 06:02:54'),
('aTebAjws', 'hdytVAAAAS', 'aTebAjws@gmail.com', 'Hello, I am aTebAjws.', 'aTebAjws', 2168, '2024-01-10 06:02:54'),
('atiK9DaK', 'WfsLz6wgz8', 'atiK9DaK@gmail.com', 'Hello, I am atiK9DaK.', 'atiK9DaK', 3003, '2024-01-10 06:02:54'),
('AtiVI1Dc', 'VdhiYOEqRR', 'AtiVI1Dc@gmail.com', 'Hello, I am AtiVI1Dc.', 'AtiVI1Dc', 2555, '2024-01-10 06:02:54'),
('auKBV9om', '3Q0ZG3EqEQ', 'auKBV9om@gmail.com', 'Hello, I am auKBV9om.', 'auKBV9om', 2823, '2024-01-10 06:02:54'),
('ava_anderson', 'mypass123', 'ava_anderson@gmail.com', 'Hello, I am Ava Anderson.', 'Ava', 10000507, '2024-01-10 06:02:54'),
('ava_johnson', 'pass@456', 'ava_johnson@gmail.com', 'Hi, I am Ava Johnson.', 'Ava', 10000499, '2024-01-10 06:02:54'),
('ava_taylor', 'ava666', 'ava.taylor@example.com', 'Hi, I am Ava Taylor.', 'Ava', 10000453, '2024-01-10 06:02:54'),
('avTkR9eo', 'ujZsZTMg00', 'avTkR9eo@gmail.com', 'Hello, I am avTkR9eo.', 'avTkR9eo', 3020, '2024-01-10 06:02:54'),
('âvvvv', '$2y$10$nt8qcnR/nH0i3gaoIp6Ih.IOp7f/hNRmLObJA6y0hK/4aGGrMj7Ba', 'biduc200@gmail.com', NULL, 'Người dùng này chưa có biệt danht', 10000537, '2024-05-10 12:49:26'),
('AwatO6ft', 'qoHhq4jl5Q', 'AwatO6ft@gmail.com', 'Hello, I am AwatO6ft.', 'AwatO6ft', 2127, '2024-01-10 06:02:54'),
('aXMFPw86', 'fMK1ROATr1', 'aXMFPw86@gmail.com', 'Hello, I am aXMFPw86.', 'aXMFPw86', 2515, '2024-01-10 06:02:54'),
('ays3K8Wb', 'WQZcHFFuFx', 'ays3K8Wb@gmail.com', 'Hello, I am ays3K8Wb.', 'ays3K8Wb', 2783, '2024-01-10 06:02:54'),
('b', 'b', 'b@b', 'This user haven\'t update description yet', 'This user haven\'t update nickname yet', 10000432, '2024-01-10 06:02:54'),
('b20dcdt221', '$2y$10$D4hLxnfT9hPW0vVIngrU1eopfss2fdmoVw2OIt0USrsfZ73jwIEnq', 'vinhhoc21@gmail.com', NULL, '123', 10000529, '2024-01-12 16:58:14'),
('b6YKvaXH', 'oXRp5hZ7WU', 'b6YKvaXH@gmail.com', 'Hello, I am b6YKvaXH.', 'b6YKvaXH', 2497, '2024-01-10 06:02:54'),
('b7af4ZAq', '9TFsD15Xlc', 'b7af4ZAq@gmail.com', 'Hello, I am b7af4ZAq.', 'b7af4ZAq', 2739, '2024-01-10 06:02:54'),
('bdNIhkSf', 'Ft44PBKN52', 'bdNIhkSf@gmail.com', 'Hello, I am bdNIhkSf.', 'bdNIhkSf', 2133, '2024-01-10 06:02:54'),
('Bge4hCW8', 'Vek6swykRE', 'Bge4hCW8@gmail.com', 'Hello, I am Bge4hCW8.', 'Bge4hCW8', 2036, '2024-01-10 06:02:54'),
('BgrBC97j', 'IAAMaHkTT3', 'BgrBC97j@gmail.com', 'Hello, I am BgrBC97j.', 'BgrBC97j', 2161, '2024-01-10 06:02:54'),
('biduc2002', '$2y$10$.emK/n6cQlOi8eSSSRe/le1PxlXkJfM2w85GAVItrQC/LsUfexbW6', 'biduc2002@gmail.com', NULL, 'Người dùng này chưa có biệt danht', 10000536, '2024-05-08 14:15:52'),
('bius8ZeP', '5Wj929CTRZ', 'bius8ZeP@gmail.com', 'Hello, I am bius8ZeP.', 'bius8ZeP', 2139, '2024-01-10 06:02:54'),
('bjIMBRfy', 'LWNwlDNgLT', 'bjIMBRfy@gmail.com', 'Hello, I am bjIMBRfy.', 'bjIMBRfy', 2866, '2024-01-10 06:02:54'),
('bJREJZCK', '1ZWSlaIBIo', 'bJREJZCK@gmail.com', 'Hello, I am bJREJZCK.', 'bJREJZCK', 2196, '2024-01-10 06:02:54'),
('BLIxEX44', 'UrVZZa6OBq', 'BLIxEX44@gmail.com', 'Hello, I am BLIxEX44.', 'BLIxEX44', 2987, '2024-01-10 06:02:54'),
('BLOHOPtu', 'K8Xxz4IX8E', 'BLOHOPtu@gmail.com', 'Hello, I am BLOHOPtu.', 'BLOHOPtu', 2218, '2024-01-10 06:02:54'),
('bMtp9MPb', 'wDtBcRIK44', 'bMtp9MPb@gmail.com', 'Hello, I am bMtp9MPb.', 'bMtp9MPb', 2403, '2024-01-10 06:02:54'),
('bntgu81X', 'F21BfkTd8O', 'bntgu81X@gmail.com', 'Hello, I am bntgu81X.', 'bntgu81X', 2867, '2024-01-10 06:02:54'),
('bob_johnson', 'bob456', 'bob.johnson@example.com', 'Hi, I am Bob Johnson.', 'Bob', 10000446, '2024-01-10 06:02:54'),
('Bq2a3HZh', 'dpdW6enaM3', 'Bq2a3HZh@gmail.com', 'Hello, I am Bq2a3HZh.', 'Bq2a3HZh', 2720, '2024-01-10 06:02:54'),
('brqRQqXt', 'lN8MVfqw4F', 'brqRQqXt@gmail.com', 'Hello, I am brqRQqXt.', 'brqRQqXt', 2370, '2024-01-10 06:02:54'),
('bS12spwd', 'A4cqfrRVz5', 'bS12spwd@gmail.com', 'Hello, I am bS12spwd.', 'bS12spwd', 2313, '2024-01-10 06:02:54'),
('BS2fxrIT', 'zHld9mzjnU', 'BS2fxrIT@gmail.com', 'Hello, I am BS2fxrIT.', 'BS2fxrIT', 2665, '2024-01-10 06:02:54'),
('bTKppugD', 'DTYXE1PzMZ', 'bTKppugD@gmail.com', 'Hello, I am bTKppugD.', 'bTKppugD', 2762, '2024-01-10 06:02:54'),
('BTUg0Qhs', 'UmnT7bnCVM', 'BTUg0Qhs@gmail.com', 'Hello, I am BTUg0Qhs.', 'BTUg0Qhs', 2785, '2024-01-10 06:02:54'),
('Bùi Quang Minh', '$2y$10$f0Sk8MsXF3fOyTYX9fM2Ge/DQYaG6SncY0LWjXj.0m1dRvE2bqEES', 'minhb8909@gmail.com', 'askmeprivate.io.vn / meof.io.vn / truyenchunet.click (on progress)', 'meof deeptryy', 10000426, '2024-01-10 06:02:54'),
('bùiquangminh', 'Abc2defg$', 'a@xinimi', NULL, 'Người dùng này chưa có biệt danht', 10000512, '2024-01-10 06:02:54'),
('bW3IXoLu', 'iWGKJ3LSuR', 'bW3IXoLu@gmail.com', 'Hello, I am bW3IXoLu.', 'bW3IXoLu', 2620, '2024-01-10 06:02:54'),
('BWAcnIdC', 'yiU7Bp1M6V', 'BWAcnIdC@gmail.com', 'Hello, I am BWAcnIdC.', 'BWAcnIdC', 2610, '2024-01-10 06:02:54'),
('byDaRIsU', '43btCofh8n', 'byDaRIsU@gmail.com', 'Hello, I am byDaRIsU.', 'byDaRIsU', 2377, '2024-01-10 06:02:54'),
('ByiY78tk', 'KQe1Xp4mwh', 'ByiY78tk@gmail.com', 'Hello, I am ByiY78tk.', 'ByiY78tk', 2759, '2024-01-10 06:02:54'),
('bYNfFFWB', 'FHeUC5q5D2', 'bYNfFFWB@gmail.com', 'Hello, I am bYNfFFWB.', 'bYNfFFWB', 2863, '2024-01-10 06:02:54'),
('bYVbaLSa', '9vMxwJlKHV', 'bYVbaLSa@gmail.com', 'Hello, I am bYVbaLSa.', 'bYVbaLSa', 2207, '2024-01-10 06:02:54'),
('C1jyCaOL', 'RWHkHGMlqz', 'C1jyCaOL@gmail.com', 'Hello, I am C1jyCaOL.', 'C1jyCaOL', 2211, '2024-01-10 06:02:54'),
('c3jH5U87', 'YQfokdxVMk', 'c3jH5U87@gmail.com', 'Hello, I am c3jH5U87.', 'c3jH5U87', 2281, '2024-01-10 06:02:54'),
('C3LHgrk1', 'gcedxGotkD', 'C3LHgrk1@gmail.com', 'Hello, I am C3LHgrk1.', 'C3LHgrk1', 2696, '2024-01-10 06:02:54'),
('c5wpmYbl', 'DEcBXQzyMC', 'c5wpmYbl@gmail.com', 'Hello, I am c5wpmYbl.', 'c5wpmYbl', 2841, '2024-01-10 06:02:54'),
('C6DF3T0v', '7cZl1D3wNh', 'C6DF3T0v@gmail.com', 'Hello, I am C6DF3T0v.', 'C6DF3T0v', 2856, '2024-01-10 06:02:54'),
('C8PNg7WQ', 'goN6P4s34Y', 'C8PNg7WQ@gmail.com', 'Hello, I am C8PNg7WQ.', 'C8PNg7WQ', 2189, '2024-01-10 06:02:54'),
('caonhatduc', '$2y$10$ZiY2iJbscRBhvW9TdREX/uUQhg.to/.K3ADORjslVu2nlrZnYLGmi', 'caonhatduc9@gmail.com', NULL, 'Người dùng này chưa có biệt danh', 10000527, '2024-01-11 23:11:46'),
('cbDeOlry', '2RU9sQGWzd', 'cbDeOlry@gmail.com', 'Hello, I am cbDeOlry.', 'cbDeOlry', 2899, '2024-01-10 06:02:54'),
('cbG0fsT2', 'xs419wVJcG', 'cbG0fsT2@gmail.com', 'Hello, I am cbG0fsT2.', 'cbG0fsT2', 2917, '2024-01-10 06:02:54'),
('cDGfucGx', 'O7r2hvw6Dv', 'cDGfucGx@gmail.com', 'Hello, I am cDGfucGx.', 'cDGfucGx', 2806, '2024-01-10 06:02:54'),
('cdizJfEf', 'wjyc7ODski', 'cdizJfEf@gmail.com', 'Hello, I am cdizJfEf.', 'cdizJfEf', 2223, '2024-01-10 06:02:54'),
('CeinhGRm', 'tVTIDdqKSX', 'CeinhGRm@gmail.com', 'Hello, I am CeinhGRm.', 'CeinhGRm', 2506, '2024-01-10 06:02:54'),
('ceo6w9w1', 'YkVLA4dQHm', 'ceo6w9w1@gmail.com', 'Hello, I am ceo6w9w1.', 'ceo6w9w1', 2165, '2024-01-10 06:02:54'),
('CeofTSmr', 'wVRpQ39ZDX', 'CeofTSmr@gmail.com', 'Hello, I am CeofTSmr.', 'CeofTSmr', 2752, '2024-01-10 06:02:54'),
('ceq23Xij', 'uufkbU3JiS', 'ceq23Xij@gmail.com', 'Hello, I am ceq23Xij.', 'ceq23Xij', 2067, '2024-01-10 06:02:54'),
('cfKzxGoi', 'kS0P8lGHsj', 'cfKzxGoi@gmail.com', 'Hello, I am cfKzxGoi.', 'cfKzxGoi', 2552, '2024-01-10 06:02:54'),
('ch11TYUW', '6n7pf9GAwu', 'ch11TYUW@gmail.com', 'Hello, I am ch11TYUW.', 'ch11TYUW', 2558, '2024-01-10 06:02:54'),
('cJJCzYfl', 'raA35cq3Wl', 'cJJCzYfl@gmail.com', 'Hello, I am cJJCzYfl.', 'cJJCzYfl', 2944, '2024-01-10 06:02:54'),
('cKtC7JBo', 'gFHxV6QIbr', 'cKtC7JBo@gmail.com', 'Hello, I am cKtC7JBo.', 'cKtC7JBo', 2278, '2024-01-10 06:02:54'),
('cMpwGbuR', 'GIEH3dW3dj', 'cMpwGbuR@gmail.com', 'Hello, I am cMpwGbuR.', 'cMpwGbuR', 2261, '2024-01-10 06:02:54'),
('cmWp86lc', 'gYJmQHAobU', 'cmWp86lc@gmail.com', 'Hello, I am cmWp86lc.', 'cmWp86lc', 2637, '2024-01-10 06:02:54'),
('CO4a7gIh', 'dGouQiOr0J', 'CO4a7gIh@gmail.com', 'Hello, I am CO4a7gIh.', 'CO4a7gIh', 2758, '2024-01-10 06:02:54'),
('cobm3cjB', 'burrGZ6Ulh', 'cobm3cjB@gmail.com', 'Hello, I am cobm3cjB.', 'cobm3cjB', 2491, '2024-01-10 06:02:54'),
('coSrRs7m', '89Tflp5lk6', 'coSrRs7m@gmail.com', 'Hello, I am coSrRs7m.', 'coSrRs7m', 2203, '2024-01-10 06:02:54'),
('cpEp3sQx', 'Jnx9uBKokk', 'cpEp3sQx@gmail.com', 'Hello, I am cpEp3sQx.', 'cpEp3sQx', 2684, '2024-01-10 06:02:54'),
('cPjCeAEG', 'HqN9atDBSN', 'cPjCeAEG@gmail.com', 'Hello, I am cPjCeAEG.', 'cPjCeAEG', 2200, '2024-01-10 06:02:54'),
('CPMgShbd', 'xjfYxcVwpY', 'CPMgShbd@gmail.com', 'Hello, I am CPMgShbd.', 'CPMgShbd', 2666, '2024-01-10 06:02:54'),
('Cprisc8u', 'imBWySZGA0', 'Cprisc8u@gmail.com', 'Hello, I am Cprisc8u.', 'Cprisc8u', 2878, '2024-01-10 06:02:54'),
('Cq9QX2g0', 'LyCc5ZFpio', 'Cq9QX2g0@gmail.com', 'Hello, I am Cq9QX2g0.', 'Cq9QX2g0', 2069, '2024-01-10 06:02:54'),
('CUKXdnf8', 'KRh4Z3dTcy', 'CUKXdnf8@gmail.com', 'Hello, I am CUKXdnf8.', 'CUKXdnf8', 2038, '2024-01-10 06:02:54'),
('cV0ZgbLT', 'MGFuItle5C', 'cV0ZgbLT@gmail.com', 'Hello, I am cV0ZgbLT.', 'cV0ZgbLT', 2502, '2024-01-10 06:02:54'),
('CvpbEj3y', 'Kt9r8K4sq8', 'CvpbEj3y@gmail.com', 'Hello, I am CvpbEj3y.', 'CvpbEj3y', 2134, '2024-01-10 06:02:54'),
('cxnSVMy9', 'sCNAt8IM4Q', 'cxnSVMy9@gmail.com', 'Hello, I am cxnSVMy9.', 'cxnSVMy9', 2379, '2024-01-10 06:02:54'),
('cyAlNA0h', 'JBZF3GRnhC', 'cyAlNA0h@gmail.com', 'Hello, I am cyAlNA0h.', 'cyAlNA0h', 2935, '2024-01-10 06:02:54'),
('d0rRK35C', 'QCnZJ6T4k4', 'd0rRK35C@gmail.com', 'Hello, I am d0rRK35C.', 'd0rRK35C', 2488, '2024-01-10 06:02:54'),
('d4FvmpuO', 'zh28dYpIHh', 'd4FvmpuO@gmail.com', 'Hello, I am d4FvmpuO.', 'd4FvmpuO', 2500, '2024-01-10 06:02:54'),
('D5p4l3D6', 'wJ3Ej1MGD7', 'D5p4l3D6@gmail.com', 'Hello, I am D5p4l3D6.', 'D5p4l3D6', 2327, '2024-01-10 06:02:54'),
('D7pQwMeX', 'KLasNYZfpL', 'D7pQwMeX@gmail.com', 'Hello, I am D7pQwMeX.', 'D7pQwMeX', 2462, '2024-01-10 06:02:54'),
('d7wXgcW2', 'QbhzI729LD', 'd7wXgcW2@gmail.com', 'Hello, I am d7wXgcW2.', 'd7wXgcW2', 2225, '2024-01-10 06:02:54'),
('D9wIk422', 'lLUhqbUJlU', 'D9wIk422@gmail.com', 'Hello, I am D9wIk422.', 'D9wIk422', 2639, '2024-01-10 06:02:54'),
('DApvWO0u', 'RlGE5ObS5S', 'DApvWO0u@gmail.com', 'Hello, I am DApvWO0u.', 'DApvWO0u', 2063, '2024-01-10 06:02:54'),
('DCjtadZH', 'XHhTJrgdxi', 'DCjtadZH@gmail.com', 'Hello, I am DCjtadZH.', 'DCjtadZH', 2812, '2024-01-10 06:02:54'),
('dcpGZwhN', 'jbN4FbNojr', 'dcpGZwhN@gmail.com', 'Hello, I am dcpGZwhN.', 'dcpGZwhN', 2430, '2024-01-10 06:02:54'),
('dD0Ljpbn', 'IT5dLqNFDP', 'dD0Ljpbn@gmail.com', 'Hello, I am dD0Ljpbn.', 'dD0Ljpbn', 2505, '2024-01-10 06:02:54'),
('DDbwaKOA', 'sJusIDUMIy', 'DDbwaKOA@gmail.com', 'Hello, I am DDbwaKOA.', 'DDbwaKOA', 2845, '2024-01-10 06:02:54'),
('dEKKay3F', 'Gr5QPDHzAP', 'dEKKay3F@gmail.com', 'Hello, I am dEKKay3F.', 'dEKKay3F', 2796, '2024-01-10 06:02:54'),
('dEZJeQtY', 'idCVhY5orF', 'dEZJeQtY@gmail.com', 'Hello, I am dEZJeQtY.', 'dEZJeQtY', 2726, '2024-01-10 06:02:54'),
('DfROSnTU', 'yk5nnIlQab', 'DfROSnTU@gmail.com', 'Hello, I am DfROSnTU.', 'DfROSnTU', 2166, '2024-01-10 06:02:54'),
('dFRQFatp', 'S2Ty2vOtrL', 'dFRQFatp@gmail.com', 'Hello, I am dFRQFatp.', 'dFRQFatp', 2185, '2024-01-10 06:02:54'),
('dGORKpcs', 'jC4tSLBL6T', 'dGORKpcs@gmail.com', 'Hello, I am dGORKpcs.', 'dGORKpcs', 2072, '2024-01-10 06:02:54'),
('DgsTYZpB', 'pVIGFjnNdy', 'DgsTYZpB@gmail.com', 'Hello, I am DgsTYZpB.', 'DgsTYZpB', 2890, '2024-01-10 06:02:54'),
('diDka2pD', '6VK5AfOX69', 'diDka2pD@gmail.com', 'Hello, I am diDka2pD.', 'diDka2pD', 3005, '2024-01-10 06:02:54'),
('DIGfFoWa', 'aHpQ5iYAwn', 'DIGfFoWa@gmail.com', 'Hello, I am DIGfFoWa.', 'DIGfFoWa', 2903, '2024-01-10 06:02:54'),
('diYy5EYA', 'D4hu3F3Nvy', 'diYy5EYA@gmail.com', 'Hello, I am diYy5EYA.', 'diYy5EYA', 2901, '2024-01-10 06:02:54'),
('dk4BEy3O', 'eUflWVhwUd', 'dk4BEy3O@gmail.com', 'Hello, I am dk4BEy3O.', 'dk4BEy3O', 2966, '2024-01-10 06:02:54'),
('DK68VfYP', 'OEsAPwoPGB', 'DK68VfYP@gmail.com', 'Hello, I am DK68VfYP.', 'DK68VfYP', 2702, '2024-01-10 06:02:54'),
('dkhOJUcR', 'jKfzdYCrZS', 'dkhOJUcR@gmail.com', 'Hello, I am dkhOJUcR.', 'dkhOJUcR', 2539, '2024-01-10 06:02:54'),
('dkkjz3bn', 'oSbrwbfivj', 'dkkjz3bn@gmail.com', 'Hello, I am dkkjz3bn.', 'dkkjz3bn', 2238, '2024-01-10 06:02:54'),
('dL8d9H2E', 'ilTJM5OKv1', 'dL8d9H2E@gmail.com', 'Hello, I am dL8d9H2E.', 'dL8d9H2E', 2070, '2024-01-10 06:02:54'),
('DlA5gUci', 'oUc2FAuGxw', 'DlA5gUci@gmail.com', 'Hello, I am DlA5gUci.', 'DlA5gUci', 2318, '2024-01-10 06:02:54'),
('DM5VMO1C', 'gwC77UD7RM', 'DM5VMO1C@gmail.com', 'Hello, I am DM5VMO1C.', 'DM5VMO1C', 2526, '2024-01-10 06:02:54'),
('dmenYV69', 'lj4T652SEX', 'dmenYV69@gmail.com', 'Hello, I am dmenYV69.', 'dmenYV69', 2523, '2024-01-10 06:02:54'),
('dNkW3aYb', 'UEESUjDM4r', 'dNkW3aYb@gmail.com', 'Hello, I am dNkW3aYb.', 'dNkW3aYb', 2320, '2024-01-10 06:02:54'),
('do1tZGzz', '4GgyiAI6ev', 'do1tZGzz@gmail.com', 'Hello, I am do1tZGzz.', 'do1tZGzz', 2525, '2024-01-10 06:02:54'),
('doFQ4qVf', 'c1CiC4fZR0', 'doFQ4qVf@gmail.com', 'Hello, I am doFQ4qVf.', 'doFQ4qVf', 2708, '2024-01-10 06:02:54'),
('dOgfqRBm', 'qRYDnUAKxz', 'dOgfqRBm@gmail.com', 'Hello, I am dOgfqRBm.', 'dOgfqRBm', 2857, '2024-01-10 06:02:54'),
('Dorisam', '$2y$10$PxOwS/qS3DxQ4B6b/b7FbOEiBjEp6ShmiWoVq9f8occBo3BXJh8SS', 'nguyenthikimsam.work@gmail.com', NULL, NULL, 10000542, '2024-06-16 06:09:49'),
('dozt4crC', 'Ju7DYQmckg', 'dozt4crC@gmail.com', 'Hello, I am dozt4crC.', 'dozt4crC', 2593, '2024-01-10 06:02:54'),
('DPlzvSqq', 'it9aW9XRae', 'DPlzvSqq@gmail.com', 'Hello, I am DPlzvSqq.', 'DPlzvSqq', 2043, '2024-01-10 06:02:54'),
('DQ6e21PV', 'jzMMNddZm8', 'DQ6e21PV@gmail.com', 'Hello, I am DQ6e21PV.', 'DQ6e21PV', 2830, '2024-01-10 06:02:54'),
('DqaTk3re', 'H0szXyquX0', 'DqaTk3re@gmail.com', 'Hello, I am DqaTk3re.', 'DqaTk3re', 3011, '2024-01-10 06:02:54'),
('dqbbUr5Y', 'G5pn06idKH', 'dqbbUr5Y@gmail.com', 'Hello, I am dqbbUr5Y.', 'dqbbUr5Y', 2034, '2024-01-10 06:02:54'),
('dtKoW5Dz', 'svr7mc2JFL', 'dtKoW5Dz@gmail.com', 'Hello, I am dtKoW5Dz.', 'dtKoW5Dz', 2911, '2024-01-10 06:02:54'),
('du1vesUg', 'gUvYYDd4UW', 'du1vesUg@gmail.com', 'Hello, I am du1vesUg.', 'du1vesUg', 2676, '2024-01-10 06:02:54'),
('dUG93b4a', '6BOnYMwAMv', 'dUG93b4a@gmail.com', 'Hello, I am dUG93b4a.', 'dUG93b4a', 2850, '2024-01-10 06:02:54'),
('duydaodz', '$2y$10$8diD9wOY2b6OMGFqUBkLCOk35L8rbq89nkCN9FpRsuv4IbshAsyvG', 'dao@gmail.com', NULL, 'daodz', 10000524, '2024-01-10 14:38:42'),
('DVaa6A60', 'eFwKoselnK', 'DVaa6A60@gmail.com', 'Hello, I am DVaa6A60.', 'DVaa6A60', 2936, '2024-01-10 06:02:54'),
('dVs9dAWs', 'GEeDAq5sfT', 'dVs9dAWs@gmail.com', 'Hello, I am dVs9dAWs.', 'dVs9dAWs', 2951, '2024-01-10 06:02:54'),
('DWIyrF62', 'grEdAbHEFE', 'DWIyrF62@gmail.com', 'Hello, I am DWIyrF62.', 'DWIyrF62', 2532, '2024-01-10 06:02:54'),
('dXjhQ0Lw', 'feKPxj5eSy', 'dXjhQ0Lw@gmail.com', 'Hello, I am dXjhQ0Lw.', 'dXjhQ0Lw', 2367, '2024-01-10 06:02:54'),
('e1HH7Ajm', 'MEypTntrLb', 'e1HH7Ajm@gmail.com', 'Hello, I am e1HH7Ajm.', 'e1HH7Ajm', 2882, '2024-01-10 06:02:54'),
('e5jJ5RhW', 'c56dY08qJ4', 'e5jJ5RhW@gmail.com', 'Hello, I am e5jJ5RhW.', 'e5jJ5RhW', 2874, '2024-01-10 06:02:54'),
('E5Kz71Qm', 'tZtXyhYyQ1', 'E5Kz71Qm@gmail.com', 'Hello, I am E5Kz71Qm.', 'E5Kz71Qm', 2213, '2024-01-10 06:02:54'),
('E6kBANNF', 'uKSjiMwJun', 'E6kBANNF@gmail.com', 'Hello, I am E6kBANNF.', 'E6kBANNF', 2995, '2024-01-10 06:02:54'),
('E6t7kmEh', 'ZNwc00NKGy', 'E6t7kmEh@gmail.com', 'Hello, I am E6t7kmEh.', 'E6t7kmEh', 2413, '2024-01-10 06:02:54'),
('E6tR5vQA', 'BoBnyknyJE', 'E6tR5vQA@gmail.com', 'Hello, I am E6tR5vQA.', 'E6tR5vQA', 2481, '2024-01-10 06:02:54'),
('E7hedYVX', 'qMX2qw9aT7', 'E7hedYVX@gmail.com', 'Hello, I am E7hedYVX.', 'E7hedYVX', 2053, '2024-01-10 06:02:54'),
('E8qEKvuB', 'FuuVUP0ann', 'E8qEKvuB@gmail.com', 'Hello, I am E8qEKvuB.', 'E8qEKvuB', 2446, '2024-01-10 06:02:54'),
('E9iI0O0C', 'YI8Y9VPeoD', 'E9iI0O0C@gmail.com', 'Hello, I am E9iI0O0C.', 'E9iI0O0C', 2929, '2024-01-10 06:02:54'),
('EA1S7TdD', 'XfUgWIyo1s', 'EA1S7TdD@gmail.com', 'Hello, I am EA1S7TdD.', 'EA1S7TdD', 2214, '2024-01-10 06:02:54'),
('EA2nxleG', 'l5TNYgJNlM', 'EA2nxleG@gmail.com', 'Hello, I am EA2nxleG.', 'EA2nxleG', 2616, '2024-01-10 06:02:54'),
('Eci6ucPR', 'MFFKklXZo0', 'Eci6ucPR@gmail.com', 'Hello, I am Eci6ucPR.', 'Eci6ucPR', 2919, '2024-01-10 06:02:54'),
('EEmGf1Wo', 'HE2tbreuU8', 'EEmGf1Wo@gmail.com', 'Hello, I am EEmGf1Wo.', 'EEmGf1Wo', 2556, '2024-01-10 06:02:54'),
('eF8EnYWY', 'ro4I4mASJ9', 'eF8EnYWY@gmail.com', 'Hello, I am eF8EnYWY.', 'eF8EnYWY', 2439, '2024-01-10 06:02:54'),
('ejnI8nAu', 'DSBn0oGuG2', 'ejnI8nAu@gmail.com', 'Hello, I am ejnI8nAu.', 'ejnI8nAu', 2937, '2024-01-10 06:02:54'),
('EJWoyQFY', 'O3tN8I1EEC', 'EJWoyQFY@gmail.com', 'Hello, I am EJWoyQFY.', 'EJWoyQFY', 2921, '2024-01-10 06:02:54'),
('EKBEygG2', 'Ak0YaTAdnJ', 'EKBEygG2@gmail.com', 'Hello, I am EKBEygG2.', 'EKBEygG2', 2148, '2024-01-10 06:02:54'),
('emily_jones', 'pass789', 'emily_jones@gmail.com', 'Hi, I am Emily Jones.', 'Emily', 10000468, '2024-01-10 06:02:54'),
('emma_davis', 'emma789', 'emma.davis@example.com', 'Hey, I am Emma Davis.', 'Emma', 10000447, '2024-01-10 06:02:54'),
('emma_garcia', 'pass@456', 'emma_garcia@gmail.com', 'Hola, soy Emma Garcia.', 'Emma', 10000493, '2024-01-10 06:02:54'),
('EnbFgASl', 'WgXWrblEGa', 'EnbFgASl@gmail.com', 'Hello, I am EnbFgASl.', 'EnbFgASl', 2627, '2024-01-10 06:02:54'),
('EnRl0N30', 'AwlHXaKZ9v', 'EnRl0N30@gmail.com', 'Hello, I am EnRl0N30.', 'EnRl0N30', 2932, '2024-01-10 06:02:54'),
('eo9sxbDd', '7gHtNkuDa0', 'eo9sxbDd@gmail.com', 'Hello, I am eo9sxbDd.', 'eo9sxbDd', 2664, '2024-01-10 06:02:54'),
('EoZ1Moiv', 'FfJiyM8WLs', 'EoZ1Moiv@gmail.com', 'Hello, I am EoZ1Moiv.', 'EoZ1Moiv', 2174, '2024-01-10 06:02:54'),
('Epam0SET', 'UJbZgJXbZY', 'Epam0SET@gmail.com', 'Hello, I am Epam0SET.', 'Epam0SET', 2934, '2024-01-10 06:02:54'),
('ePL8Hp8X', '0UoXBzeB4e', 'ePL8Hp8X@gmail.com', 'Hello, I am ePL8Hp8X.', 'ePL8Hp8X', 2829, '2024-01-10 06:02:54'),
('EPMfE6X7', 'k0jcpAOw6S', 'EPMfE6X7@gmail.com', 'Hello, I am EPMfE6X7.', 'EPMfE6X7', 2703, '2024-01-10 06:02:54'),
('ePnhy4Bp', 'GZBXvyg24m', 'ePnhy4Bp@gmail.com', 'Hello, I am ePnhy4Bp.', 'ePnhy4Bp', 2960, '2024-01-10 06:02:54'),
('eqPNfhgk', 'HZlFNOF1M5', 'eqPNfhgk@gmail.com', 'Hello, I am eqPNfhgk.', 'eqPNfhgk', 2269, '2024-01-10 06:02:54'),
('ErpkVjNr', 'FIy0XEUmoU', 'ErpkVjNr@gmail.com', 'Hello, I am ErpkVjNr.', 'ErpkVjNr', 2368, '2024-01-10 06:02:54'),
('erTLUiA7', '8ayYEi0oNc', 'erTLUiA7@gmail.com', 'Hello, I am erTLUiA7.', 'erTLUiA7', 2411, '2024-01-10 06:02:54'),
('ethan_anderson', 'pass@123', 'ethan_anderson@gmail.com', 'Hi, I am Ethan Anderson.', 'Ethan', 10000492, '2024-01-10 06:02:54'),
('EtoG235d', 'uC0RcnbEjj', 'EtoG235d@gmail.com', 'Hello, I am EtoG235d.', 'EtoG235d', 2346, '2024-01-10 06:02:54'),
('ETwMgwdd', 'JWAQf5YdJO', 'ETwMgwdd@gmail.com', 'Hello, I am ETwMgwdd.', 'ETwMgwdd', 2810, '2024-01-10 06:02:54'),
('EUiph77l', 'mYVQ5b2ACU', 'EUiph77l@gmail.com', 'Hello, I am EUiph77l.', 'EUiph77l', 2080, '2024-01-10 06:02:54'),
('eUPloMQn', '4mSAidG6yl', 'eUPloMQn@gmail.com', 'Hello, I am eUPloMQn.', 'eUPloMQn', 2603, '2024-01-10 06:02:54'),
('EuVRy3LZ', 'SbNNlLStuu', 'EuVRy3LZ@gmail.com', 'Hello, I am EuVRy3LZ.', 'EuVRy3LZ', 2902, '2024-01-10 06:02:54'),
('eWxIhzKf', 'nQ8ZOE4cJT', 'eWxIhzKf@gmail.com', 'Hello, I am eWxIhzKf.', 'eWxIhzKf', 2453, '2024-01-10 06:02:54'),
('ex3PaNwr', '7gEh57MvyQ', 'ex3PaNwr@gmail.com', 'Hello, I am ex3PaNwr.', 'ex3PaNwr', 2849, '2024-01-10 06:02:54'),
('eyrKUd8b', 'qkvC399TUA', 'eyrKUd8b@gmail.com', 'Hello, I am eyrKUd8b.', 'eyrKUd8b', 2142, '2024-01-10 06:02:54'),
('eYxwaBdG', 'GpyfareaNU', 'eYxwaBdG@gmail.com', 'Hello, I am eYxwaBdG.', 'eYxwaBdG', 2266, '2024-01-10 06:02:54'),
('f3jnngDh', 'Sm01ml6C0V', 'f3jnngDh@gmail.com', 'Hello, I am f3jnngDh.', 'f3jnngDh', 2613, '2024-01-10 06:02:54'),
('f4PLfmXZ', 'bhd2rDw5JI', 'f4PLfmXZ@gmail.com', 'Hello, I am f4PLfmXZ.', 'f4PLfmXZ', 2568, '2024-01-10 06:02:54'),
('f4ujCTbz', 'zHTM4NNhRp', 'f4ujCTbz@gmail.com', 'Hello, I am f4ujCTbz.', 'f4ujCTbz', 2193, '2024-01-10 06:02:54'),
('F5MSKhNS', 'zoqNUKY2gn', 'F5MSKhNS@gmail.com', 'Hello, I am F5MSKhNS.', 'F5MSKhNS', 2615, '2024-01-10 06:02:54'),
('fabio_rossi', 'pass@456', 'fabio_rossi@gmail.com', 'Ciao, sono Fabio Rossi.', 'Fabio', 10000476, '2024-01-10 06:02:54'),
('fbeo1004', '01694178940@aA', 'hongphongle774@gmail.com', NULL, 'Fbeo', 10000486, '2024-01-10 06:02:54'),
('fbeooooo', '$2y$10$1ksdcSeYTEGVH.E8m92ZfOqA9Mkvkh2amfuQWpsvrftq2r9eCwWR.', 'hongphongle1004@gmail.com', NULL, 'Fbeo', 10000533, '2024-04-10 08:54:13'),
('fBg1GdYp', '2hnkHDtTml', 'fBg1GdYp@gmail.com', 'Hello, I am fBg1GdYp.', 'fBg1GdYp', 2071, '2024-01-10 06:02:54'),
('FCub1r3s', 'sKimQsYOXf', 'FCub1r3s@gmail.com', 'Hello, I am FCub1r3s.', 'FCub1r3s', 2709, '2024-01-10 06:02:54'),
('FdlXJHRR', 'uNt7LPhdLK', 'FdlXJHRR@gmail.com', 'Hello, I am FdlXJHRR.', 'FdlXJHRR', 2549, '2024-01-10 06:02:54'),
('FE1yQxHr', 'IJndqtMRm9', 'FE1yQxHr@gmail.com', 'Hello, I am FE1yQxHr.', 'FE1yQxHr', 2900, '2024-01-10 06:02:54'),
('FFaJXZeJ', 'AcgKSv6WV5', 'FFaJXZeJ@gmail.com', 'Hello, I am FFaJXZeJ.', 'FFaJXZeJ', 2337, '2024-01-10 06:02:54'),
('ffdlb6lq', 'll6Lv08p9d', 'ffdlb6lq@gmail.com', 'Hello, I am ffdlb6lq.', 'ffdlb6lq', 2508, '2024-01-10 06:02:54'),
('FgHQuVyV', 'rAqiQ05yFh', 'FgHQuVyV@gmail.com', 'Hello, I am FgHQuVyV.', 'FgHQuVyV', 2543, '2024-01-10 06:02:54'),
('fHyhCuNH', '52r7ARsAml', 'fHyhCuNH@gmail.com', 'Hello, I am fHyhCuNH.', 'fHyhCuNH', 2542, '2024-01-10 06:02:54'),
('fINNPsnt', 'qQuQqmE4qY', 'fINNPsnt@gmail.com', 'Hello, I am fINNPsnt.', 'fINNPsnt', 2251, '2024-01-10 06:02:54'),
('Fj2Cz5PA', '9HKcJXgWil', 'Fj2Cz5PA@gmail.com', 'Hello, I am Fj2Cz5PA.', 'Fj2Cz5PA', 2482, '2024-01-10 06:02:54'),
('FKvgZW9d', 'cnpX5HbJS4', 'FKvgZW9d@gmail.com', 'Hello, I am FKvgZW9d.', 'FKvgZW9d', 2833, '2024-01-10 06:02:54'),
('fO7giV7k', 'qpXYmDrlFR', 'fO7giV7k@gmail.com', 'Hello, I am fO7giV7k.', 'fO7giV7k', 2157, '2024-01-10 06:02:54'),
('fqQAu6Vt', '9NhfbQoyYz', 'fqQAu6Vt@gmail.com', 'Hello, I am fqQAu6Vt.', 'fqQAu6Vt', 2092, '2024-01-10 06:02:54'),
('FsOP6sgJ', '6xArMdgD14', 'FsOP6sgJ@gmail.com', 'Hello, I am FsOP6sgJ.', 'FsOP6sgJ', 2496, '2024-01-10 06:02:54'),
('ftavcelO', 'XJ6S0TqMA1', 'ftavcelO@gmail.com', 'Hello, I am ftavcelO.', 'ftavcelO', 2727, '2024-01-10 06:02:54'),
('fteWNbiS', 'cgpKiDiFr5', 'fteWNbiS@gmail.com', 'Hello, I am fteWNbiS.', 'fteWNbiS', 2079, '2024-01-10 06:02:54'),
('fTUg4KI4', 'rsDw93kpQc', 'fTUg4KI4@gmail.com', 'Hello, I am fTUg4KI4.', 'fTUg4KI4', 3021, '2024-01-10 06:02:54'),
('FUOtrTZ1', 'hiGUtLn8Ug', 'FUOtrTZ1@gmail.com', 'Hello, I am FUOtrTZ1.', 'FUOtrTZ1', 2364, '2024-01-10 06:02:54'),
('FvHDqUcb', 'Trq5zrXzUw', 'FvHDqUcb@gmail.com', 'Hello, I am FvHDqUcb.', 'FvHDqUcb', 2763, '2024-01-10 06:02:54'),
('fvn2vzch', 'xHCkfsBOg0', 'fvn2vzch@gmail.com', 'Hello, I am fvn2vzch.', 'fvn2vzch', 2209, '2024-01-10 06:02:54'),
('FWhCUnkG', 'V7X4519b3o', 'FWhCUnkG@gmail.com', 'Hello, I am FWhCUnkG.', 'FWhCUnkG', 2294, '2024-01-10 06:02:54'),
('fxF248E8', 'h6I58ktsGZ', 'fxF248E8@gmail.com', 'Hello, I am fxF248E8.', 'fxF248E8', 2352, '2024-01-10 06:02:54'),
('fyZo953B', 'azIh1Zicrc', 'fyZo953B@gmail.com', 'Hello, I am fyZo953B.', 'fyZo953B', 2952, '2024-01-10 06:02:54'),
('fzDo8cWo', 'kd9vh1FDnd', 'fzDo8cWo@gmail.com', 'Hello, I am fzDo8cWo.', 'fzDo8cWo', 2457, '2024-01-10 06:02:54'),
('g2CaUyAl', 'zKYT310DlX', 'g2CaUyAl@gmail.com', 'Hello, I am g2CaUyAl.', 'g2CaUyAl', 2263, '2024-01-10 06:02:54'),
('G4M0xF7E', '0RD4QR7UhK', 'G4M0xF7E@gmail.com', 'Hello, I am G4M0xF7E.', 'G4M0xF7E', 2316, '2024-01-10 06:02:54'),
('G7zprH7E', 'GwpOhQPHz9', 'G7zprH7E@gmail.com', 'Hello, I am G7zprH7E.', 'G7zprH7E', 2870, '2024-01-10 06:02:54'),
('G9kZYTbb', 'RtU9ovHtFl', 'G9kZYTbb@gmail.com', 'Hello, I am G9kZYTbb.', 'G9kZYTbb', 2177, '2024-01-10 06:02:54'),
('Ga63V0kp', '2FetKgVnpJ', 'Ga63V0kp@gmail.com', 'Hello, I am Ga63V0kp.', 'Ga63V0kp', 2896, '2024-01-10 06:02:54'),
('garAZ4jH', 'WohTb9ZJdQ', 'garAZ4jH@gmail.com', 'Hello, I am garAZ4jH.', 'garAZ4jH', 2275, '2024-01-10 06:02:54'),
('GbJSZeyC', 'myGCInM3Vr', 'GbJSZeyC@gmail.com', 'Hello, I am GbJSZeyC.', 'GbJSZeyC', 2101, '2024-01-10 06:02:54'),
('Gd2cnIyr', 'pyXzDXNBwq', 'Gd2cnIyr@gmail.com', 'Hello, I am Gd2cnIyr.', 'Gd2cnIyr', 2719, '2024-01-10 06:02:54'),
('gfQhNxSR', 'afHYIjq4Ys', 'gfQhNxSR@gmail.com', 'Hello, I am gfQhNxSR.', 'gfQhNxSR', 2611, '2024-01-10 06:02:54'),
('Ggla0LjG', 'BMWhpjcNXu', 'Ggla0LjG@gmail.com', 'Hello, I am Ggla0LjG.', 'Ggla0LjG', 2458, '2024-01-10 06:02:54'),
('GhM6GIm1', 'CqXHq4GdlB', 'GhM6GIm1@gmail.com', 'Hello, I am GhM6GIm1.', 'GhM6GIm1', 2087, '2024-01-10 06:02:54'),
('GJOYjNs3', 'jiS5Nr0dLf', 'GJOYjNs3@gmail.com', 'Hello, I am GJOYjNs3.', 'GJOYjNs3', 2600, '2024-01-10 06:02:54'),
('gJUYoOap', 'HX6oLdkIBW', 'gJUYoOap@gmail.com', 'Hello, I am gJUYoOap.', 'gJUYoOap', 2635, '2024-01-10 06:02:54'),
('Gkj7oVMu', 'SkJipg3bSB', 'Gkj7oVMu@gmail.com', 'Hello, I am Gkj7oVMu.', 'Gkj7oVMu', 2044, '2024-01-10 06:02:54'),
('GKKdZC4H', 'sP1OeuUHeu', 'GKKdZC4H@gmail.com', 'Hello, I am GKKdZC4H.', 'GKKdZC4H', 2480, '2024-01-10 06:02:54'),
('GkN3wvq3', 'mv5DKh8IWI', 'GkN3wvq3@gmail.com', 'Hello, I am GkN3wvq3.', 'GkN3wvq3', 2241, '2024-01-10 06:02:54');
INSERT INTO `user` (`username`, `password`, `email`, `description`, `nickname`, `iduser`, `time_create`) VALUES
('gl16C0gm', 'YITMlJYsLf', 'gl16C0gm@gmail.com', 'Hello, I am gl16C0gm.', 'gl16C0gm', 2782, '2024-01-10 06:02:54'),
('GlznfSoM', 'EOrtyAcB7n', 'GlznfSoM@gmail.com', 'Hello, I am GlznfSoM.', 'GlznfSoM', 3018, '2024-01-10 06:02:54'),
('gM4aLBcd', '7N4Cj8mQYL', 'gM4aLBcd@gmail.com', 'Hello, I am gM4aLBcd.', 'gM4aLBcd', 2570, '2024-01-10 06:02:54'),
('gm67r79V', 'jkaWRpPV6j', 'gm67r79V@gmail.com', 'Hello, I am gm67r79V.', 'gm67r79V', 2981, '2024-01-10 06:02:54'),
('gngca6gr', '94SukSQ974', 'gngca6gr@gmail.com', 'Hello, I am gngca6gr.', 'gngca6gr', 2048, '2024-01-10 06:02:54'),
('gO3DDEfx', '5AXRpV2ZeM', 'gO3DDEfx@gmail.com', 'Hello, I am gO3DDEfx.', 'gO3DDEfx', 2632, '2024-01-10 06:02:54'),
('Gq3kmZQm', 'jlHW3lZdnh', 'Gq3kmZQm@gmail.com', 'Hello, I am Gq3kmZQm.', 'Gq3kmZQm', 2946, '2024-01-10 06:02:54'),
('gqKfq9ks', 'QaMyvmcod0', 'gqKfq9ks@gmail.com', 'Hello, I am gqKfq9ks.', 'gqKfq9ks', 2886, '2024-01-10 06:02:54'),
('Gqpvc21R', 'ATiJ6Y0txa', 'Gqpvc21R@gmail.com', 'Hello, I am Gqpvc21R.', 'Gqpvc21R', 2155, '2024-01-10 06:02:54'),
('GQQ92uvE', 'oZzQ8iYL7x', 'GQQ92uvE@gmail.com', 'Hello, I am GQQ92uvE.', 'GQQ92uvE', 2745, '2024-01-10 06:02:54'),
('GR0sHCmk', 'kEHf3Doqlc', 'GR0sHCmk@gmail.com', 'Hello, I am GR0sHCmk.', 'GR0sHCmk', 2967, '2024-01-10 06:02:54'),
('GR1MoZrn', 'botj21WMOj', 'GR1MoZrn@gmail.com', 'Hello, I am GR1MoZrn.', 'GR1MoZrn', 2682, '2024-01-10 06:02:54'),
('Gu70xyOs', '8C72JBsJwr', 'Gu70xyOs@gmail.com', 'Hello, I am Gu70xyOs.', 'Gu70xyOs', 2580, '2024-01-10 06:02:54'),
('GxJUtz8U', '6yD7YHwQvD', 'GxJUtz8U@gmail.com', 'Hello, I am GxJUtz8U.', 'GxJUtz8U', 2595, '2024-01-10 06:02:54'),
('GY0fWPXu', '8gKLXU41DA', 'GY0fWPXu@gmail.com', 'Hello, I am GY0fWPXu.', 'GY0fWPXu', 2793, '2024-01-10 06:02:54'),
('GYS0sUzp', 'fv2PNtNDFt', 'GYS0sUzp@gmail.com', 'Hello, I am GYS0sUzp.', 'GYS0sUzp', 2661, '2024-01-10 06:02:54'),
('GyyGjuSa', '55YZoSFQTy', 'GyyGjuSa@gmail.com', 'Hello, I am GyyGjuSa.', 'GyyGjuSa', 2625, '2024-01-10 06:02:54'),
('gzksw49n', 'bcIvkGCZQc', 'gzksw49n@gmail.com', 'Hello, I am gzksw49n.', 'gzksw49n', 2562, '2024-01-10 06:02:54'),
('gzpDKZdB', 'XXZ6xNyM3t', 'gzpDKZdB@gmail.com', 'Hello, I am gzpDKZdB.', 'gzpDKZdB', 2575, '2024-01-10 06:02:54'),
('H2sMheyH', 'QnMpDruMoD', 'H2sMheyH@gmail.com', 'Hello, I am H2sMheyH.', 'H2sMheyH', 2153, '2024-01-10 06:02:54'),
('h34T6wjv', 'AYJqVqtTnE', 'h34T6wjv@gmail.com', 'Hello, I am h34T6wjv.', 'h34T6wjv', 2747, '2024-01-10 06:02:54'),
('H5m1jyb5', 'bKIdnUrrEf', 'H5m1jyb5@gmail.com', 'Hello, I am H5m1jyb5.', 'H5m1jyb5', 2871, '2024-01-10 06:02:54'),
('h7HL0zuU', 'Yc4DAHrpv0', 'h7HL0zuU@gmail.com', 'Hello, I am h7HL0zuU.', 'h7HL0zuU', 2875, '2024-01-10 06:02:54'),
('h7PME86c', 'xwFsmPJqaR', 'h7PME86c@gmail.com', 'Hello, I am h7PME86c.', 'h7PME86c', 2607, '2024-01-10 06:02:54'),
('h9q7prRk', 'A0mmWALPo1', 'h9q7prRk@gmail.com', 'Hello, I am h9q7prRk.', 'h9q7prRk', 2412, '2024-01-10 06:02:54'),
('HA1tAfuy', 'jtDZRfJToV', 'HA1tAfuy@gmail.com', 'Hello, I am HA1tAfuy.', 'HA1tAfuy', 2113, '2024-01-10 06:02:54'),
('haha', 'Quyen123@', 'Q@1234', NULL, 'tutu', 10000485, '2024-01-10 06:02:54'),
('HB6d8eQC', 'LsjQYXHSoG', 'HB6d8eQC@gmail.com', 'Hello, I am HB6d8eQC.', 'HB6d8eQC', 2985, '2024-01-10 06:02:54'),
('HbmhPqkE', 'caninGivfK', 'HbmhPqkE@gmail.com', 'Hello, I am HbmhPqkE.', 'HbmhPqkE', 2624, '2024-01-10 06:02:54'),
('hDsBQFFL', 'zoDCt04MMi', 'hDsBQFFL@gmail.com', 'Hello, I am hDsBQFFL.', 'hDsBQFFL', 2055, '2024-01-10 06:02:54'),
('HGJIbl5P', '7FtgPoeLuf', 'HGJIbl5P@gmail.com', 'Hello, I am HGJIbl5P.', 'HGJIbl5P', 2602, '2024-01-10 06:02:54'),
('Hikixkun', 'Dung@2002', 'nguyentiendung07122002@gmail.com', NULL, 'Hiki', 10000444, '2024-01-10 06:02:54'),
('hiroshi_suzuki', 'pass789', 'hiroshi_suzuki@gmail.com', 'こんにちは、鈴木寛です。', '寛', 10000483, '2024-01-10 06:02:54'),
('hiRRjlca', 'wtTLpi2aHO', 'hiRRjlca@gmail.com', 'Hello, I am hiRRjlca.', 'hiRRjlca', 2210, '2024-01-10 06:02:54'),
('HIXHXcq5', '8peMYOQjYr', 'HIXHXcq5@gmail.com', 'Hello, I am HIXHXcq5.', 'HIXHXcq5', 2691, '2024-01-10 06:02:54'),
('HJAtRyT7', '4AdfoxHG9a', 'HJAtRyT7@gmail.com', 'Hello, I am HJAtRyT7.', 'HJAtRyT7', 2468, '2024-01-10 06:02:54'),
('hJx1kpDU', 'LCbM83aSqB', 'hJx1kpDU@gmail.com', 'Hello, I am hJx1kpDU.', 'hJx1kpDU', 2383, '2024-01-10 06:02:54'),
('hkVEIr1a', '1LDcpoEx27', 'hkVEIr1a@gmail.com', 'Hello, I am hkVEIr1a.', 'hkVEIr1a', 2135, '2024-01-10 06:02:54'),
('HL3oOObM', 'qwb7GRZb9M', 'HL3oOObM@gmail.com', 'Hello, I am HL3oOObM.', 'HL3oOObM', 2647, '2024-01-10 06:02:54'),
('hLrYVQ4m', 'Nr8PrCH9Y4', 'hLrYVQ4m@gmail.com', 'Hello, I am hLrYVQ4m.', 'hLrYVQ4m', 2085, '2024-01-10 06:02:54'),
('Hm0bjcqV', 'sNTB6tXYhK', 'Hm0bjcqV@gmail.com', 'Hello, I am Hm0bjcqV.', 'Hm0bjcqV', 2707, '2024-01-10 06:02:54'),
('hn4383UP', 'UuzYloTQfE', 'hn4383UP@gmail.com', 'Hello, I am hn4383UP.', 'hn4383UP', 2244, '2024-01-10 06:02:54'),
('hoang_thi', 'passf@678', 'hoang.thi@example.com', 'Rất hân hạnh, tôi là Hoàng Thị.', 'Thị', 10000460, '2024-01-10 06:02:54'),
('hQ6Smak2', 'gzqZRyJYeN', 'hQ6Smak2@gmail.com', 'Hello, I am hQ6Smak2.', 'hQ6Smak2', 2050, '2024-01-10 06:02:54'),
('hqAkPL0X', 'q6SLbb6OcQ', 'hqAkPL0X@gmail.com', 'Hello, I am hqAkPL0X.', 'hqAkPL0X', 2503, '2024-01-10 06:02:54'),
('HR3fX54n', 'CD2GQsqilN', 'HR3fX54n@gmail.com', 'Hello, I am HR3fX54n.', 'HR3fX54n', 2926, '2024-01-10 06:02:54'),
('HRn3ttWH', 'cj1W3tgVfG', 'HRn3ttWH@gmail.com', 'Hello, I am HRn3ttWH.', 'HRn3ttWH', 2704, '2024-01-10 06:02:54'),
('Hu84tFZP', 'zzZkatZ3uv', 'Hu84tFZP@gmail.com', 'Hello, I am Hu84tFZP.', 'Hu84tFZP', 2563, '2024-01-10 06:02:54'),
('HuFYnqTh', 'SaisASQ7ZW', 'HuFYnqTh@gmail.com', 'Hello, I am HuFYnqTh.', 'HuFYnqTh', 2258, '2024-01-10 06:02:54'),
('HxeV9aY5', '80wFeXpBVz', 'HxeV9aY5@gmail.com', 'Hello, I am HxeV9aY5.', 'HxeV9aY5', 2226, '2024-01-10 06:02:54'),
('hYnJMeOk', 'ZzU3cLr2pK', 'hYnJMeOk@gmail.com', 'Hello, I am hYnJMeOk.', 'hYnJMeOk', 2927, '2024-01-10 06:02:54'),
('HYYPRNH9', '2qZAHJdWkf', 'HYYPRNH9@gmail.com', 'Hello, I am HYYPRNH9.', 'HYYPRNH9', 2907, '2024-01-10 06:02:54'),
('hZ6CRvpX', 'hIOTwaiUKm', 'hZ6CRvpX@gmail.com', 'Hello, I am hZ6CRvpX.', 'hZ6CRvpX', 2179, '2024-01-10 06:02:54'),
('hZ6pZCl8', 'l09MJ2JQDW', 'hZ6pZCl8@gmail.com', 'Hello, I am hZ6pZCl8.', 'hZ6pZCl8', 2788, '2024-01-10 06:02:54'),
('i4jS5AOG', 'nJc1hWR0N0', 'i4jS5AOG@gmail.com', 'Hello, I am i4jS5AOG.', 'i4jS5AOG', 2239, '2024-01-10 06:02:54'),
('i8P3kuyY', 'Gd9JuD4dj5', 'i8P3kuyY@gmail.com', 'Hello, I am i8P3kuyY.', 'i8P3kuyY', 2343, '2024-01-10 06:02:54'),
('IAV8KRbf', 'bZmkkArmdF', 'IAV8KRbf@gmail.com', 'Hello, I am IAV8KRbf.', 'IAV8KRbf', 2409, '2024-01-10 06:02:54'),
('IbJEEaib', 'acRbRh4yPq', 'IbJEEaib@gmail.com', 'Hello, I am IbJEEaib.', 'IbJEEaib', 2417, '2024-01-10 06:02:54'),
('IBY6WgCy', 'vPjQX64XMw', 'IBY6WgCy@gmail.com', 'Hello, I am IBY6WgCy.', 'IBY6WgCy', 2117, '2024-01-10 06:02:54'),
('IckkQoBQ', '0hRawpW29s', 'IckkQoBQ@gmail.com', 'Hello, I am IckkQoBQ.', 'IckkQoBQ', 2143, '2024-01-10 06:02:54'),
('IcYliupY', 's9LPQs2mbc', 'IcYliupY@gmail.com', 'Hello, I am IcYliupY.', 'IcYliupY', 2924, '2024-01-10 06:02:54'),
('iE5mZSH5', 'rxSStW9h3p', 'iE5mZSH5@gmail.com', 'Hello, I am iE5mZSH5.', 'iE5mZSH5', 2574, '2024-01-10 06:02:54'),
('ieUweFSy', 'dUFlfCLGyA', 'ieUweFSy@gmail.com', 'Hello, I am ieUweFSy.', 'ieUweFSy', 2847, '2024-01-10 06:02:54'),
('Igm9vzn1', 'J58PshHqS8', 'Igm9vzn1@gmail.com', 'Hello, I am Igm9vzn1.', 'Igm9vzn1', 2188, '2024-01-10 06:02:54'),
('IGRdjHod', 'gX3UkACNJm', 'IGRdjHod@gmail.com', 'Hello, I am IGRdjHod.', 'IGRdjHod', 2834, '2024-01-10 06:02:54'),
('igRfn66v', 'nX5rii1XRn', 'igRfn66v@gmail.com', 'Hello, I am igRfn66v.', 'igRfn66v', 2191, '2024-01-10 06:02:54'),
('iGutUVK2', '9tKwliTRbi', 'iGutUVK2@gmail.com', 'Hello, I am iGutUVK2.', 'iGutUVK2', 2208, '2024-01-10 06:02:54'),
('IIWzu2Pv', '8SL5eLRINY', 'IIWzu2Pv@gmail.com', 'Hello, I am IIWzu2Pv.', 'IIWzu2Pv', 2459, '2024-01-10 06:02:54'),
('IJh6JKoz', '10wJ3hImgi', 'IJh6JKoz@gmail.com', 'Hello, I am IJh6JKoz.', 'IJh6JKoz', 2906, '2024-01-10 06:02:54'),
('iKNEkdhX', 'fKetGWFrAm', 'iKNEkdhX@gmail.com', 'Hello, I am iKNEkdhX.', 'iKNEkdhX', 2353, '2024-01-10 06:02:54'),
('IKY9kHrj', 'vHJggIKELZ', 'IKY9kHrj@gmail.com', 'Hello, I am IKY9kHrj.', 'IKY9kHrj', 2330, '2024-01-10 06:02:54'),
('IljutPKK', 'yVrJH054Xl', 'IljutPKK@gmail.com', 'Hello, I am IljutPKK.', 'IljutPKK', 2571, '2024-01-10 06:02:54'),
('IM0Y1gA4', 'Psujhb0xsU', 'IM0Y1gA4@gmail.com', 'Hello, I am IM0Y1gA4.', 'IM0Y1gA4', 2718, '2024-01-10 06:02:54'),
('ImmfgUTL', 'UeCzehnS4v', 'ImmfgUTL@gmail.com', 'Hello, I am ImmfgUTL.', 'ImmfgUTL', 2268, '2024-01-10 06:02:54'),
('IMUVR59J', 'P8Q2PUxtIS', 'IMUVR59J@gmail.com', 'Hello, I am IMUVR59J.', 'IMUVR59J', 2712, '2024-01-10 06:02:54'),
('inkvEWnM', 'enixBmAsR6', 'inkvEWnM@gmail.com', 'Hello, I am inkvEWnM.', 'inkvEWnM', 2380, '2024-01-10 06:02:54'),
('InNB2qC3', 'ASYz6khrWd', 'InNB2qC3@gmail.com', 'Hello, I am InNB2qC3.', 'InNB2qC3', 2195, '2024-01-10 06:02:54'),
('iomM5UhT', 'BVDnrmk4zB', 'iomM5UhT@gmail.com', 'Hello, I am iomM5UhT.', 'iomM5UhT', 2511, '2024-01-10 06:02:54'),
('IpKJuVnn', 'lOzrSDOk7j', 'IpKJuVnn@gmail.com', 'Hello, I am IpKJuVnn.', 'IpKJuVnn', 2360, '2024-01-10 06:02:54'),
('IqydHEeE', 'xcGpVHYXT6', 'IqydHEeE@gmail.com', 'Hello, I am IqydHEeE.', 'IqydHEeE', 2933, '2024-01-10 06:02:54'),
('isabella_kim', 'pass789', 'isabella_kim@gmail.com', 'Hi, I am Isabella Kim.', 'Isabella', 10000497, '2024-01-10 06:02:54'),
('ISs3pMl2', 'EZ77CvaiKe', 'ISs3pMl2@gmail.com', 'Hello, I am ISs3pMl2.', 'ISs3pMl2', 2323, '2024-01-10 06:02:54'),
('isUYRPQd', 'Vh6gDvFTKz', 'isUYRPQd@gmail.com', 'Hello, I am isUYRPQd.', 'isUYRPQd', 3012, '2024-01-10 06:02:54'),
('ItobIut3', '7oN9w8dM0L', 'ItobIut3@gmail.com', 'Hello, I am ItobIut3.', 'ItobIut3', 2042, '2024-01-10 06:02:54'),
('iTtu9Vpg', 'PCKbwoS3YB', 'iTtu9Vpg@gmail.com', 'Hello, I am iTtu9Vpg.', 'iTtu9Vpg', 2993, '2024-01-10 06:02:54'),
('IU7kGmrn', 'ukaP76Z9OY', 'IU7kGmrn@gmail.com', 'Hello, I am IU7kGmrn.', 'IU7kGmrn', 2780, '2024-01-10 06:02:54'),
('Iuc8mUek', 's2bnei4RvT', 'Iuc8mUek@gmail.com', 'Hello, I am Iuc8mUek.', 'Iuc8mUek', 2969, '2024-01-10 06:02:54'),
('ivQjN6DC', 'ljZa3bvmzu', 'ivQjN6DC@gmail.com', 'Hello, I am ivQjN6DC.', 'ivQjN6DC', 2037, '2024-01-10 06:02:54'),
('IWKSO2sy', 'mavM2bdnaU', 'IWKSO2sy@gmail.com', 'Hello, I am IWKSO2sy.', 'IWKSO2sy', 2240, '2024-01-10 06:02:54'),
('iWrLp569', '9aO1txy5VY', 'iWrLp569@gmail.com', 'Hello, I am iWrLp569.', 'iWrLp569', 2705, '2024-01-10 06:02:54'),
('j1v33JrF', 'WiOqDpYleQ', 'j1v33JrF@gmail.com', 'Hello, I am j1v33JrF.', 'j1v33JrF', 2769, '2024-01-10 06:02:54'),
('J8HB9J1N', 'mf4r39ZQBZ', 'J8HB9J1N@gmail.com', 'Hello, I am J8HB9J1N.', 'J8HB9J1N', 2943, '2024-01-10 06:02:54'),
('J9R6mAfm', 'x0yJtNyoX7', 'J9R6mAfm@gmail.com', 'Hello, I am J9R6mAfm.', 'J9R6mAfm', 2786, '2024-01-10 06:02:54'),
('jackson_smith', 'pass@123', 'jackson_smith@gmail.com', 'Hello, I am Jackson Smith.', 'Jackson', 10000498, '2024-01-10 06:02:54'),
('james_miller', 'james222', 'james.miller@example.com', 'I am James Miller.', 'James', 10000450, '2024-01-10 06:02:54'),
('jane_doe', 'pass789', 'jane_doe@gmail.com', 'Hello, I am Jane Doe.', 'Jane', 10000489, '2024-01-10 06:02:54'),
('jbbUV9k3', '5lv10WEWNf', 'jbbUV9k3@gmail.com', 'Hello, I am jbbUV9k3.', 'jbbUV9k3', 2031, '2024-01-10 06:02:54'),
('jC3ncZ7r', 'L3hGm5bBNi', 'jC3ncZ7r@gmail.com', 'Hello, I am jC3ncZ7r.', 'jC3ncZ7r', 2925, '2024-01-10 06:02:54'),
('JcHHJBgz', 'qS6K7oNbcT', 'JcHHJBgz@gmail.com', 'Hello, I am JcHHJBgz.', 'JcHHJBgz', 2680, '2024-01-10 06:02:54'),
('jCUGY7Wu', 'X7o41vlKdv', 'jCUGY7Wu@gmail.com', 'Hello, I am jCUGY7Wu.', 'jCUGY7Wu', 2477, '2024-01-10 06:02:54'),
('jCuut0AT', 'YwyucPUYaw', 'jCuut0AT@gmail.com', 'Hello, I am jCuut0AT.', 'jCuut0AT', 3010, '2024-01-10 06:02:54'),
('jFIrIMtL', 'f2CB0i8zlo', 'jFIrIMtL@gmail.com', 'Hello, I am jFIrIMtL.', 'jFIrIMtL', 2839, '2024-01-10 06:02:54'),
('jGqbdwnf', '1S4WWEgstX', 'jGqbdwnf@gmail.com', 'Hello, I am jGqbdwnf.', 'jGqbdwnf', 2455, '2024-01-10 06:02:54'),
('JHg1QSm0', 'kjR1XOtY5R', 'JHg1QSm0@gmail.com', 'Hello, I am JHg1QSm0.', 'JHg1QSm0', 2345, '2024-01-10 06:02:54'),
('jHMkA4Ge', 'BMYT28jf2f', 'jHMkA4Ge@gmail.com', 'Hello, I am jHMkA4Ge.', 'jHMkA4Ge', 2028, '2024-01-10 06:02:54'),
('jIvoeB3b', 'Wo2kSa98WI', 'jIvoeB3b@gmail.com', 'Hello, I am jIvoeB3b.', 'jIvoeB3b', 2862, '2024-01-10 06:02:54'),
('jjEJb0D7', 'Jc6AtEBOlC', 'jjEJb0D7@gmail.com', 'Hello, I am jjEJb0D7.', 'jjEJb0D7', 2414, '2024-01-10 06:02:54'),
('JkSPVtm2', 'ry6wZgLfpN', 'JkSPVtm2@gmail.com', 'Hello, I am JkSPVtm2.', 'JkSPVtm2', 2970, '2024-01-10 06:02:54'),
('JKZr7J3x', 'odL0WxmlOh', 'JKZr7J3x@gmail.com', 'Hello, I am JKZr7J3x.', 'JKZr7J3x', 2291, '2024-01-10 06:02:54'),
('JmiE9nUU', 'csMdN9QGRv', 'JmiE9nUU@gmail.com', 'Hello, I am JmiE9nUU.', 'JmiE9nUU', 2605, '2024-01-10 06:02:54'),
('JMVVB4wA', 'j2MUILQprP', 'JMVVB4wA@gmail.com', 'Hello, I am JMVVB4wA.', 'JMVVB4wA', 2636, '2024-01-10 06:02:54'),
('JnzqjAyY', 'D6epV6AJpg', 'JnzqjAyY@gmail.com', 'Hello, I am JnzqjAyY.', 'JnzqjAyY', 2746, '2024-01-10 06:02:54'),
('john_smith', 'pass123', 'john_smith@gmail.com', 'Hello, I am John Smith.', 'John', 10000465, '2024-01-10 06:02:54'),
('JpzE2Mhz', '17BnggzYD9', 'JpzE2Mhz@gmail.com', 'Hello, I am JpzE2Mhz.', 'JpzE2Mhz', 2339, '2024-01-10 06:02:54'),
('JqmrROzQ', 's0njCxzAri', 'JqmrROzQ@gmail.com', 'Hello, I am JqmrROzQ.', 'JqmrROzQ', 2663, '2024-01-10 06:02:54'),
('jqYh5yuj', 'BFSUskJu0I', 'jqYh5yuj@gmail.com', 'Hello, I am jqYh5yuj.', 'jqYh5yuj', 2609, '2024-01-10 06:02:54'),
('jR5QTiCH', 'KpPrwvsIlo', 'jR5QTiCH@gmail.com', 'Hello, I am jR5QTiCH.', 'jR5QTiCH', 2524, '2024-01-10 06:02:54'),
('JrevcoQn', 'rikMGH8C4F', 'JrevcoQn@gmail.com', 'Hello, I am JrevcoQn.', 'JrevcoQn', 2394, '2024-01-10 06:02:54'),
('JRsYk0D8', 'whuuZNmsN2', 'JRsYk0D8@gmail.com', 'Hello, I am JRsYk0D8.', 'JRsYk0D8', 2302, '2024-01-10 06:02:54'),
('js3kuwow', 'XeVYyglhF7', 'js3kuwow@gmail.com', 'Hello, I am js3kuwow.', 'js3kuwow', 2065, '2024-01-10 06:02:54'),
('jSCfTYt2', 'RNDskhajos', 'jSCfTYt2@gmail.com', 'Hello, I am jSCfTYt2.', 'jSCfTYt2', 2999, '2024-01-10 06:02:54'),
('JSjrSUh9', 'qM0B9Eo5b5', 'JSjrSUh9@gmail.com', 'Hello, I am JSjrSUh9.', 'JSjrSUh9', 2052, '2024-01-10 06:02:54'),
('jTA4esZp', '9C24JhAMto', 'jTA4esZp@gmail.com', 'Hello, I am jTA4esZp.', 'jTA4esZp', 2492, '2024-01-10 06:02:54'),
('jTTd99x3', 'rzJs213Grg', 'jTTd99x3@gmail.com', 'Hello, I am jTTd99x3.', 'jTTd99x3', 2979, '2024-01-10 06:02:54'),
('ju5beWFd', 'zmg6xpUdwD', 'ju5beWFd@gmail.com', 'Hello, I am ju5beWFd.', 'ju5beWFd', 2773, '2024-01-10 06:02:54'),
('juan_gomez', 'pass@456', 'juan_gomez@gmail.com', 'Hola, soy Juan Gómez.', 'Juan', 10000482, '2024-01-10 06:02:54'),
('juliana_santos', 'mypass123', 'juliana_santos@gmail.com', 'Olá, eu sou Juliana Santos.', 'Juliana', 10000478, '2024-01-10 06:02:54'),
('Jv9ltvzs', 'x65YiQag2m', 'Jv9ltvzs@gmail.com', 'Hello, I am Jv9ltvzs.', 'Jv9ltvzs', 2880, '2024-01-10 06:02:54'),
('JvJHaVaq', 'EB003VxNPk', 'JvJHaVaq@gmail.com', 'Hello, I am JvJHaVaq.', 'JvJHaVaq', 2672, '2024-01-10 06:02:54'),
('jxe93jXg', 'tWTj4w0C3e', 'jxe93jXg@gmail.com', 'Hello, I am jxe93jXg.', 'jxe93jXg', 2653, '2024-01-10 06:02:54'),
('jxwuIqKG', '7fZ19rUPSs', 'jxwuIqKG@gmail.com', 'Hello, I am jxwuIqKG.', 'jxwuIqKG', 2721, '2024-01-10 06:02:54'),
('jyG0Kgzx', 'ueXsPkpIfE', 'jyG0Kgzx@gmail.com', 'Hello, I am jyG0Kgzx.', 'jyG0Kgzx', 2322, '2024-01-10 06:02:54'),
('jyqbjHGH', 'NbEdF2FIe5', 'jyqbjHGH@gmail.com', 'Hello, I am jyqbjHGH.', 'jyqbjHGH', 2164, '2024-01-10 06:02:54'),
('JyvLV5yP', 'TcfXn7mDA6', 'JyvLV5yP@gmail.com', 'Hello, I am JyvLV5yP.', 'JyvLV5yP', 2073, '2024-01-10 06:02:54'),
('jZCa3fB6', 'kQgl8UrUbp', 'jZCa3fB6@gmail.com', 'Hello, I am jZCa3fB6.', 'jZCa3fB6', 2311, '2024-01-10 06:02:54'),
('K07D025G', 'NuOXMm1zo1', 'K07D025G@gmail.com', 'Hello, I am K07D025G.', 'K07D025G', 2167, '2024-01-10 06:02:54'),
('K9PQYNv7', 'ayG1dalRky', 'K9PQYNv7@gmail.com', 'Hello, I am K9PQYNv7.', 'K9PQYNv7', 2706, '2024-01-10 06:02:54'),
('katsumi_yamamoto', 'pass@456', 'katsumi_yamamoto@gmail.com', 'こんにちは、山本勝巳です。', '勝巳', 10000470, '2024-01-10 06:02:54'),
('kb6KyK2j', 'Tjbc4sYuPZ', 'kb6KyK2j@gmail.com', 'Hello, I am kb6KyK2j.', 'kb6KyK2j', 2271, '2024-01-10 06:02:54'),
('kBux5Zzj', 'V2wZjkvLhu', 'kBux5Zzj@gmail.com', 'Hello, I am kBux5Zzj.', 'kBux5Zzj', 2279, '2024-01-10 06:02:54'),
('kcOA0T8T', '7mJOKrvjfG', 'kcOA0T8T@gmail.com', 'Hello, I am kcOA0T8T.', 'kcOA0T8T', 2096, '2024-01-10 06:02:54'),
('keayzWHt', 'LQgOuUxw7r', 'keayzWHt@gmail.com', 'Hello, I am keayzWHt.', 'keayzWHt', 2938, '2024-01-10 06:02:54'),
('KEIPxBQe', 'JQdWDwiaGK', 'KEIPxBQe@gmail.com', 'Hello, I am KEIPxBQe.', 'KEIPxBQe', 2317, '2024-01-10 06:02:54'),
('KeUCKCcD', 'tCjsD6bSfz', 'KeUCKCcD@gmail.com', 'Hello, I am KeUCKCcD.', 'KeUCKCcD', 2814, '2024-01-10 06:02:54'),
('KfXGdNlG', 'IRf4Do3U11', 'KfXGdNlG@gmail.com', 'Hello, I am KfXGdNlG.', 'KfXGdNlG', 2335, '2024-01-10 06:02:54'),
('kgdsy0lT', 'aQbkJE6I0p', 'kgdsy0lT@gmail.com', 'Hello, I am kgdsy0lT.', 'kgdsy0lT', 2205, '2024-01-10 06:02:54'),
('KHXKtZtf', 'ax8H7SC2o8', 'KHXKtZtf@gmail.com', 'Hello, I am KHXKtZtf.', 'KHXKtZtf', 2731, '2024-01-10 06:02:54'),
('kIrzpINg', 'yq41rkEWAh', 'kIrzpINg@gmail.com', 'Hello, I am kIrzpINg.', 'kIrzpINg', 3001, '2024-01-10 06:02:54'),
('KiWgQPpV', 'mNFWPpTHfR', 'KiWgQPpV@gmail.com', 'Hello, I am KiWgQPpV.', 'KiWgQPpV', 2104, '2024-01-10 06:02:54'),
('kjcq1WJT', 'MvCBh1TT91', 'kjcq1WJT@gmail.com', 'Hello, I am kjcq1WJT.', 'kjcq1WJT', 3016, '2024-01-10 06:02:54'),
('kJI7ELpq', 'fXYx0cUbRt', 'kJI7ELpq@gmail.com', 'Hello, I am kJI7ELpq.', 'kJI7ELpq', 2041, '2024-01-10 06:02:54'),
('KkAsDKuS', 'KcCdDoKxDa', 'KkAsDKuS@gmail.com', 'Hello, I am KkAsDKuS.', 'KkAsDKuS', 2348, '2024-01-10 06:02:54'),
('KKbpb7Pu', 'TmlWzeo0n5', 'KKbpb7Pu@gmail.com', 'Hello, I am KKbpb7Pu.', 'KKbpb7Pu', 2725, '2024-01-10 06:02:54'),
('KkPgI2hk', 'V6bOnP3sxf', 'KkPgI2hk@gmail.com', 'Hello, I am KkPgI2hk.', 'KkPgI2hk', 2362, '2024-01-10 06:02:54'),
('KlaDi3zd', '4YwK4uqZcI', 'KlaDi3zd@gmail.com', 'Hello, I am KlaDi3zd.', 'KlaDi3zd', 2996, '2024-01-10 06:02:54'),
('kmFLmdQ6', 'yMPYynJQ5L', 'kmFLmdQ6@gmail.com', 'Hello, I am kmFLmdQ6.', 'kmFLmdQ6', 2292, '2024-01-10 06:02:54'),
('KnT0Ycnr', 'ep8eGiBACJ', 'KnT0Ycnr@gmail.com', 'Hello, I am KnT0Ycnr.', 'KnT0Ycnr', 2928, '2024-01-10 06:02:54'),
('knUWVcQk', 'eDb8wEoPyM', 'knUWVcQk@gmail.com', 'Hello, I am knUWVcQk.', 'knUWVcQk', 2808, '2024-01-10 06:02:54'),
('KNy1eriz', 'E7hOF9D5Uy', 'KNy1eriz@gmail.com', 'Hello, I am KNy1eriz.', 'KNy1eriz', 2749, '2024-01-10 06:02:54'),
('KoCIVyuS', 'cE1GGAlhaA', 'KoCIVyuS@gmail.com', 'Hello, I am KoCIVyuS.', 'KoCIVyuS', 2751, '2024-01-10 06:02:54'),
('KotoNw6C', 'fXsktNA1Xz', 'KotoNw6C@gmail.com', 'Hello, I am KotoNw6C.', 'KotoNw6C', 2674, '2024-01-10 06:02:54'),
('kRmFs6IR', 'kMEgA6xLef', 'kRmFs6IR@gmail.com', 'Hello, I am kRmFs6IR.', 'kRmFs6IR', 2456, '2024-01-10 06:02:54'),
('kw3NRHOg', 'EgxkZTnQ8r', 'kw3NRHOg@gmail.com', 'Hello, I am kw3NRHOg.', 'kw3NRHOg', 2959, '2024-01-10 06:02:54'),
('KxN1xNS1', 'gC40hOQrDq', 'KxN1xNS1@gmail.com', 'Hello, I am KxN1xNS1.', 'KxN1xNS1', 2201, '2024-01-10 06:02:54'),
('KXRrCBs3', 'Tk6Of7ZjnZ', 'KXRrCBs3@gmail.com', 'Hello, I am KXRrCBs3.', 'KXRrCBs3', 2391, '2024-01-10 06:02:54'),
('KY9woDks', 'GSwNkGzOk6', 'KY9woDks@gmail.com', 'Hello, I am KY9woDks.', 'KY9woDks', 2277, '2024-01-10 06:02:54'),
('KYWm2eEP', '1ZZo5yYBSB', 'KYWm2eEP@gmail.com', 'Hello, I am KYWm2eEP.', 'KYWm2eEP', 2538, '2024-01-10 06:02:54'),
('KZFWFDDP', 'QAm72UswX9', 'KZFWFDDP@gmail.com', 'Hello, I am KZFWFDDP.', 'KZFWFDDP', 2109, '2024-01-10 06:02:54'),
('kzQ6Hp5k', 'juhOo6eigP', 'kzQ6Hp5k@gmail.com', 'Hello, I am kzQ6Hp5k.', 'kzQ6Hp5k', 2276, '2024-01-10 06:02:54'),
('l08v6XzO', 'NwlEGeT9l8', 'l08v6XzO@gmail.com', 'Hello, I am l08v6XzO.', 'l08v6XzO', 2039, '2024-01-10 06:02:54'),
('L0csSJ3o', 'iFGwteeui4', 'L0csSJ3o@gmail.com', 'Hello, I am L0csSJ3o.', 'L0csSJ3o', 2204, '2024-01-10 06:02:54'),
('L1rUeOSX', 'wo83Y3WMdR', 'L1rUeOSX@gmail.com', 'Hello, I am L1rUeOSX.', 'L1rUeOSX', 2599, '2024-01-10 06:02:54'),
('L2FASxrq', 'r79TiUA8RE', 'L2FASxrq@gmail.com', 'Hello, I am L2FASxrq.', 'L2FASxrq', 2998, '2024-01-10 06:02:54'),
('L3vjpKZp', 'rv324ViNqC', 'L3vjpKZp@gmail.com', 'Hello, I am L3vjpKZp.', 'L3vjpKZp', 2074, '2024-01-10 06:02:54'),
('l62tzkL3', 'NBZLegPEb7', 'l62tzkL3@gmail.com', 'Hello, I am l62tzkL3.', 'l62tzkL3', 2765, '2024-01-10 06:02:54'),
('l6MpgoaS', 'c8mmUDTUuK', 'l6MpgoaS@gmail.com', 'Hello, I am l6MpgoaS.', 'l6MpgoaS', 2519, '2024-01-10 06:02:54'),
('L6NaHeLH', 'qiytko2azk', 'L6NaHeLH@gmail.com', 'Hello, I am L6NaHeLH.', 'L6NaHeLH', 2060, '2024-01-10 06:02:54'),
('l74j2OPe', 'wpbFfzCLa0', 'l74j2OPe@gmail.com', 'Hello, I am l74j2OPe.', 'l74j2OPe', 2771, '2024-01-10 06:02:54'),
('l8ztloUm', 'cSFuqUciwN', 'l8ztloUm@gmail.com', 'Hello, I am l8ztloUm.', 'l8ztloUm', 2956, '2024-01-10 06:02:54'),
('LApri6Bh', '3QL9SiRiha', 'LApri6Bh@gmail.com', 'Hello, I am LApri6Bh.', 'LApri6Bh', 2129, '2024-01-10 06:02:54'),
('lBeW8fin', 'YIrIuYjLgv', 'lBeW8fin@gmail.com', 'Hello, I am lBeW8fin.', 'lBeW8fin', 2950, '2024-01-10 06:02:54'),
('lcgt4AMu', 'ICIljbYDrS', 'lcgt4AMu@gmail.com', 'Hello, I am lcgt4AMu.', 'lcgt4AMu', 2234, '2024-01-10 06:02:54'),
('lCIPHW1n', 'cXO7k0cLkZ', 'lCIPHW1n@gmail.com', 'Hello, I am lCIPHW1n.', 'lCIPHW1n', 2802, '2024-01-10 06:02:54'),
('ld5sR5Kz', 'DlCGcw9OO7', 'ld5sR5Kz@gmail.com', 'Hello, I am ld5sR5Kz.', 'ld5sR5Kz', 2978, '2024-01-10 06:02:54'),
('lDO7XKrG', '3Uhv4ltRZk', 'lDO7XKrG@gmail.com', 'Hello, I am lDO7XKrG.', 'lDO7XKrG', 2916, '2024-01-10 06:02:54'),
('le_thi', 'kpass567', 'le.thi@example.com', 'Xin chào, tôi là Lê Thị.', 'Thị', 10000464, '2024-01-10 06:02:54'),
('le_van', 'abc@123', 'le.van@example.com', 'Rất vui được gặp bạn, tôi là Lê Văn.', 'Văn', 10000457, '2024-01-10 06:02:54'),
('lei_zhang', 'pass789', 'lei_zhang@gmail.com', '你好，我是张雷。', '雷', 10000477, '2024-01-10 06:02:54'),
('lgpUBH5y', 'ah5k7jtKaJ', 'lgpUBH5y@gmail.com', 'Hello, I am lgpUBH5y.', 'lgpUBH5y', 2035, '2024-01-10 06:02:54'),
('liam_gomez', 'pass456', 'liam_gomez@gmail.com', 'Hola, soy Liam Gomez.', 'Liam', 10000496, '2024-01-10 06:02:54'),
('liam_johnson', 'pass789', 'liam_johnson@gmail.com', 'Hi, I am Liam Johnson.', 'Liam', 10000506, '2024-01-10 06:02:54'),
('lISPvsmp', 'GnziJOgpqu', 'lISPvsmp@gmail.com', 'Hello, I am lISPvsmp.', 'lISPvsmp', 2774, '2024-01-10 06:02:54'),
('ljPF68m8', '1Amla8mVjb', 'ljPF68m8@gmail.com', 'Hello, I am ljPF68m8.', 'ljPF68m8', 2429, '2024-01-10 06:02:54'),
('lKGL6UDJ', 'OVju8rNyca', 'lKGL6UDJ@gmail.com', 'Hello, I am lKGL6UDJ.', 'lKGL6UDJ', 2730, '2024-01-10 06:02:54'),
('lLAylPQd', 'D5GOzpIYFC', 'lLAylPQd@gmail.com', 'Hello, I am lLAylPQd.', 'lLAylPQd', 2910, '2024-01-10 06:02:54'),
('lldKQFUS', 'mqXGAwIV8W', 'lldKQFUS@gmail.com', 'Hello, I am lldKQFUS.', 'lldKQFUS', 2986, '2024-01-10 06:02:54'),
('Lly5TLzR', 'uPoR57rL2K', 'Lly5TLzR@gmail.com', 'Hello, I am Lly5TLzR.', 'Lly5TLzR', 2284, '2024-01-10 06:02:54'),
('LMBbKxYh', '8w9NbV2GwK', 'LMBbKxYh@gmail.com', 'Hello, I am LMBbKxYh.', 'LMBbKxYh', 2689, '2024-01-10 06:02:54'),
('lMFuUaEp', 'TXEgEOzLH4', 'lMFuUaEp@gmail.com', 'Hello, I am lMFuUaEp.', 'lMFuUaEp', 2518, '2024-01-10 06:02:54'),
('LmFx1GId', 'WGRGFCUjv1', 'LmFx1GId@gmail.com', 'Hello, I am LmFx1GId.', 'LmFx1GId', 2425, '2024-01-10 06:02:54'),
('LMiz18hj', 'KG55bqDqhe', 'LMiz18hj@gmail.com', 'Hello, I am LMiz18hj.', 'LMiz18hj', 2737, '2024-01-10 06:02:54'),
('lOylMI3K', 'Yw41pPjVcd', 'lOylMI3K@gmail.com', 'Hello, I am lOylMI3K.', 'lOylMI3K', 2872, '2024-01-10 06:02:54'),
('LQxug3Uf', '1ssvoUElZM', 'LQxug3Uf@gmail.com', 'Hello, I am LQxug3Uf.', 'LQxug3Uf', 2128, '2024-01-10 06:02:54'),
('LSF54BdE', 't4tseq6ERF', 'LSF54BdE@gmail.com', 'Hello, I am LSF54BdE.', 'LSF54BdE', 2220, '2024-01-10 06:02:54'),
('lucas_brown', 'pass456', 'lucas_brown@gmail.com', 'Hello, I am Lucas Brown.', 'Lucas', 10000502, '2024-01-10 06:02:54'),
('lucas_silva', 'pass789', 'lucas_silva@gmail.com', 'Olá, eu sou Lucas Silva.', 'Lucas', 10000471, '2024-01-10 06:02:54'),
('LVDM9hXe', 'YLy7814SZf', 'LVDM9hXe@gmail.com', 'Hello, I am LVDM9hXe.', 'LVDM9hXe', 2293, '2024-01-10 06:02:54'),
('lvrArjKp', 'jcK7rRF6sp', 'lvrArjKp@gmail.com', 'Hello, I am lvrArjKp.', 'lvrArjKp', 2363, '2024-01-10 06:02:54'),
('LVWcTCCM', '6OV3D7AaG7', 'LVWcTCCM@gmail.com', 'Hello, I am LVWcTCCM.', 'LVWcTCCM', 2397, '2024-01-10 06:02:54'),
('LwkOn1uU', 'xCx5nNRY1J', 'LwkOn1uU@gmail.com', 'Hello, I am LwkOn1uU.', 'LwkOn1uU', 2151, '2024-01-10 06:02:54'),
('M16SzpBm', 'rvKR7chO39', 'M16SzpBm@gmail.com', 'Hello, I am M16SzpBm.', 'M16SzpBm', 2881, '2024-01-10 06:02:54'),
('m4PSntu8', 'tDLuMYoqXm', 'm4PSntu8@gmail.com', 'Hello, I am m4PSntu8.', 'm4PSntu8', 2093, '2024-01-10 06:02:54'),
('m8AfBGIn', 'NDdSeRyWjI', 'm8AfBGIn@gmail.com', 'Hello, I am m8AfBGIn.', 'm8AfBGIn', 2868, '2024-01-10 06:02:54'),
('MagicsT', '$2y$10$5KqBr6XLA/jc0Ft45lENiejovitgEodo7hEuW8HtZbT0AbYZ2gQK.', 'dovanphattai2212@gmail.com', NULL, 'MagicsT', 10000520, '2024-01-10 06:25:19'),
('maria_garcia', 'pass456', 'maria_garcia@gmail.com', 'Hola, soy Maria Garcia.', 'Maria', 10000466, '2024-01-10 06:02:54'),
('mariam_khan', 'mypass123', 'mariam_khan@gmail.com', 'Hello, I am Mariam Khan.', 'Mariam', 10000472, '2024-01-10 06:02:54'),
('maxen', '$2y$10$27JzYOj1FVXo8c7Z4jUYe.Ny4TquAfRMug/XvipJxledNb9PoGLrq', 'maxen@g', NULL, 'Người dùng này chưa có biệt danht', 10000535, '2024-05-08 14:07:15'),
('MCoL2t4n', 'hctoITJD9H', 'MCoL2t4n@gmail.com', 'Hello, I am MCoL2t4n.', 'MCoL2t4n', 2779, '2024-01-10 06:02:54'),
('mCPg31xL', '0P17cYpsmu', 'mCPg31xL@gmail.com', 'Hello, I am mCPg31xL.', 'mCPg31xL', 2619, '2024-01-10 06:02:54'),
('mcyBw3nf', 'GlYWjtIfrf', 'mcyBw3nf@gmail.com', 'Hello, I am mcyBw3nf.', 'mcyBw3nf', 2922, '2024-01-10 06:02:54'),
('mCZ6hOVe', '65qAXvcGJD', 'mCZ6hOVe@gmail.com', 'Hello, I am mCZ6hOVe.', 'mCZ6hOVe', 2159, '2024-01-10 06:02:54'),
('MD5duBUH', '4CjEJVnqCp', 'MD5duBUH@gmail.com', 'Hello, I am MD5duBUH.', 'MD5duBUH', 2957, '2024-01-10 06:02:54'),
('meepAqnY', 'ZazkhZuUi8', 'meepAqnY@gmail.com', 'Hello, I am meepAqnY.', 'meepAqnY', 2794, '2024-01-10 06:02:54'),
('meF7SmuJ', 'VVlMUkEJy0', 'meF7SmuJ@gmail.com', 'Hello, I am meF7SmuJ.', 'meF7SmuJ', 2235, '2024-01-10 06:02:54'),
('MEjK74pT', 'DIzkkCVQU2', 'MEjK74pT@gmail.com', 'Hello, I am MEjK74pT.', 'MEjK74pT', 2431, '2024-01-10 06:02:54'),
('meoep', 'Abc2defg$', 'minhb890990909@gmail.com', 'This user haven\'t update description yet', 'This user haven\'t update nickname yet', 10000424, '2024-01-10 06:02:54'),
('meof', 'Abc2defg$', '@gmail.com', 'This user haven\'t update description yet', 'This user haven\'t update nickname yet', 10000422, '2024-01-10 06:02:54'),
('meoff', 'Minh123$', 'a@aamimimi', NULL, 'Người dùng này chưa có biệt danht', 10000510, '2024-01-10 06:02:54'),
('meofhoaho', '$2y$10$mhUiABupvY8OMargtqoaoueo.ul4XQH2ThGr5GXZNyWTImFgvJZBW', 'miasdk0@mik', NULL, 'Người dùng này chưa có biệt danh', 10000532, '2024-04-09 19:59:46'),
('meofkoquau', '$2y$10$NkmThL6LEA7pZqx3brbW2.vrNqeTenCh036p3Kqi4Gb0gTGuhOxDi', 'Mki@mi', NULL, 'a', 10000534, '2024-05-05 15:41:36'),
('mfE4vEPV', 'Q3ZGqN6oEw', 'mfE4vEPV@gmail.com', 'Hello, I am mfE4vEPV.', 'mfE4vEPV', 2690, '2024-01-10 06:02:54'),
('MfYIp98P', 'JZjqOo9Tsh', 'MfYIp98P@gmail.com', 'Hello, I am MfYIp98P.', 'MfYIp98P', 2622, '2024-01-10 06:02:54'),
('MgW6b2Y8', '4cZ4b8Y401', 'MgW6b2Y8@gmail.com', 'Hello, I am MgW6b2Y8.', 'MgW6b2Y8', 2710, '2024-01-10 06:02:54'),
('mhjkhBgJ', 'ZvGm8APMkC', 'mhjkhBgJ@gmail.com', 'Hello, I am mhjkhBgJ.', 'mhjkhBgJ', 2158, '2024-01-10 06:02:54'),
('mia_garcia', 'mypass123', 'mia_garcia@gmail.com', 'Hola, soy Mia Garcia.', 'Mia', 10000501, '2024-01-10 06:02:54'),
('michael_brown', 'pass@123', 'michael_brown@gmail.com', 'Hi, I am Michael Brown.', 'Michael', 10000481, '2024-01-10 06:02:54'),
('mike_wilson', 'mike999', 'mike.wilson@example.com', 'Greetings, I am Mike Wilson.', 'Mike', 10000448, '2024-01-10 06:02:54'),
('mikutikk', '$2y$10$E.8mZ.B0bWlrMRjOPpdMW.NEnVX8/IKI9duM.TSAp.rTY5aeIS44W', 'buiminh206@gmail.com', NULL, 'Người dùng này chưa có biệt danht', 10000516, '2024-01-10 06:02:54'),
('mimimi', 'Minh123$', 'mimimi@mi', 'This user haven\'t update description yet', 'This user haven\'t update nickname yet', 10000440, '2024-01-10 06:02:54'),
('minhdz', '$2y$10$T0qAj2R4oA0a1zaDLW1kPOrlgikqsY/AXF7MmVsXYfTOylr5couQm', 'kuteminh10@gmail.com', 'This user haven\'t update description yet', 'This user haven\'t update nickname yet', 10000425, '2024-01-10 06:02:54'),
('minhdzdz', 'Abc2defg$', 'minhb8909a@gmail.com', NULL, 'Người dùng này chưa có biệt danht', 10000514, '2024-01-10 06:02:54'),
('minhhhfaaaaa', 'Abc2defg$', 'mimi@gmail.com', 'This user haven\'t update description yet', 'This user haven\'t update nickname yet', 10000428, '2024-01-10 06:02:54'),
('minhkkkk', 'Abc2defg$', 'a@hus.edu.vn', NULL, 'Người dùng này chưa có biệt danht', 10000513, '2024-01-10 06:02:54'),
('minhmeo', '$2y$10$dM.YOHDkDzxYu1O7IiWFReSvv70llrZQSp4E.grRHstcPaivpg5AC', 'ak@kka', 'a', 'Người dùng này chưa có biệt danht', 10000515, '2024-01-10 06:02:54'),
('mjvc2JPh', 'M0uoafKxEF', 'mjvc2JPh@gmail.com', 'Hello, I am mjvc2JPh.', 'mjvc2JPh', 2216, '2024-01-10 06:02:54'),
('MLmRyJhm', '56uPDvFi0i', 'MLmRyJhm@gmail.com', 'Hello, I am MLmRyJhm.', 'MLmRyJhm', 2057, '2024-01-10 06:02:54'),
('Mmb1RtX2', 'tVOEVW994v', 'Mmb1RtX2@gmail.com', 'Hello, I am Mmb1RtX2.', 'Mmb1RtX2', 2618, '2024-01-10 06:02:54'),
('mMnMtDSy', '4dcjjrLHQM', 'mMnMtDSy@gmail.com', 'Hello, I am mMnMtDSy.', 'mMnMtDSy', 2310, '2024-01-10 06:02:54'),
('mmR7KuXt', 'cGacM0MzDQ', 'mmR7KuXt@gmail.com', 'Hello, I am mmR7KuXt.', 'mmR7KuXt', 2768, '2024-01-10 06:02:54'),
('Mo9F3tRc', 'HzAwMo1vLi', 'Mo9F3tRc@gmail.com', 'Hello, I am Mo9F3tRc.', 'Mo9F3tRc', 2716, '2024-01-10 06:02:54'),
('MoJ9ayr7', 'pBj5js4xGh', 'MoJ9ayr7@gmail.com', 'Hello, I am MoJ9ayr7.', 'MoJ9ayr7', 2553, '2024-01-10 06:02:54'),
('mPj6Vwiq', '53MTm35pS6', 'mPj6Vwiq@gmail.com', 'Hello, I am mPj6Vwiq.', 'mPj6Vwiq', 2236, '2024-01-10 06:02:54'),
('msdimdsi', 'Minh123$', 'a@a.gmail.coma', 'This user haven\'t update description yet', 'a', 10000439, '2024-01-10 06:02:54'),
('MsOi6CON', 'o8OZKdMjq7', 'MsOi6CON@gmail.com', 'Hello, I am MsOi6CON.', 'MsOi6CON', 2623, '2024-01-10 06:02:54'),
('MULyDr56', 'VZHZUdXuMv', 'MULyDr56@gmail.com', 'Hello, I am MULyDr56.', 'MULyDr56', 2264, '2024-01-10 06:02:54'),
('MVfCoc0j', '6Uys77m23f', 'MVfCoc0j@gmail.com', 'Hello, I am MVfCoc0j.', 'MVfCoc0j', 2095, '2024-01-10 06:02:54'),
('mwQhG5aZ', 'xGfbFMCVcQ', 'mwQhG5aZ@gmail.com', 'Hello, I am mwQhG5aZ.', 'mwQhG5aZ', 2990, '2024-01-10 06:02:54'),
('Mxk7RsxS', '5AFK6feIme', 'Mxk7RsxS@gmail.com', 'Hello, I am Mxk7RsxS.', 'Mxk7RsxS', 2939, '2024-01-10 06:02:54'),
('mybPFRPC', '5cPThn1ydU', 'mybPFRPC@gmail.com', 'Hello, I am mybPFRPC.', 'mybPFRPC', 2887, '2024-01-10 06:02:54'),
('mzixJV2A', '7oDn5w5wdr', 'mzixJV2A@gmail.com', 'Hello, I am mzixJV2A.', 'mzixJV2A', 2249, '2024-01-10 06:02:54'),
('MZJnfESQ', '335xwDwbpr', 'MZJnfESQ@gmail.com', 'Hello, I am MZJnfESQ.', 'MZJnfESQ', 2668, '2024-01-10 06:02:54'),
('n0Q66H0i', 'N2TcZCUgW1', 'n0Q66H0i@gmail.com', 'Hello, I am n0Q66H0i.', 'n0Q66H0i', 2303, '2024-01-10 06:02:54'),
('N6u2vdj8', 'Ebd5eZEGWO', 'N6u2vdj8@gmail.com', 'Hello, I am N6u2vdj8.', 'N6u2vdj8', 2282, '2024-01-10 06:02:54'),
('N8BUW6wa', 'RrykK52pF5', 'N8BUW6wa@gmail.com', 'Hello, I am N8BUW6wa.', 'N8BUW6wa', 2374, '2024-01-10 06:02:54'),
('naETjpfE', 'Nltr4N8roJ', 'naETjpfE@gmail.com', 'Hello, I am naETjpfE.', 'naETjpfE', 2245, '2024-01-10 06:02:54'),
('Naj2L2Me', 'us5PeeyX34', 'Naj2L2Me@gmail.com', 'Hello, I am Naj2L2Me.', 'Naj2L2Me', 2740, '2024-01-10 06:02:54'),
('nDRUqJTP', 'kSpw2qkdrI', 'nDRUqJTP@gmail.com', 'Hello, I am nDRUqJTP.', 'nDRUqJTP', 2770, '2024-01-10 06:02:54'),
('ne3cmyoR', 'xVNcHGr3FD', 'ne3cmyoR@gmail.com', 'Hello, I am ne3cmyoR.', 'ne3cmyoR', 2286, '2024-01-10 06:02:54'),
('NFNBuEw0', 'ie1d6D2cXu', 'NFNBuEw0@gmail.com', 'Hello, I am NFNBuEw0.', 'NFNBuEw0', 2198, '2024-01-10 06:02:54'),
('nguyen_thi', 'gpass789', 'nguyen.thi@example.com', 'Xin chào, tôi là Nguyễn Thị.', 'Thị', 10000461, '2024-01-10 06:02:54'),
('nguyen_tuan', '123i@pass', 'nguyen.tuan@example.com', 'Rất vui được gặp bạn, tôi là Nguyễn Tuấn.', 'Tuấn', 10000463, '2024-01-10 06:02:54'),
('nguyen_van', 'matkhau123', 'nguyen.van@example.com', 'Xin chào, tôi là Nguyễn Văn.', 'Văn', 10000455, '2024-01-10 06:02:54'),
('nguyentuananh', '$2y$10$owyFcHJ53URfVW.eAspZuuyWdAcE9UH.m1Kqg.FE8AWXRUrTEbpyO', 'a1@gmail.com', NULL, 'b', 10000518, '2024-01-10 06:02:54'),
('NIfUFEF6', '2LXPUsLayP', 'NIfUFEF6@gmail.com', 'Hello, I am NIfUFEF6.', 'NIfUFEF6', 2930, '2024-01-10 06:02:54'),
('NiTpeJwe', 'k1jAjPTazi', 'NiTpeJwe@gmail.com', 'Hello, I am NiTpeJwe.', 'NiTpeJwe', 2169, '2024-01-10 06:02:54'),
('NJY5pAT2', '7VVjir5r0k', 'NJY5pAT2@gmail.com', 'Hello, I am NJY5pAT2.', 'NJY5pAT2', 2399, '2024-01-10 06:02:54'),
('nkmAXpk7', 'TihDihQaHz', 'nkmAXpk7@gmail.com', 'Hello, I am nkmAXpk7.', 'nkmAXpk7', 2711, '2024-01-10 06:02:54'),
('NKxInrNj', 'N51oDfmDIp', 'NKxInrNj@gmail.com', 'Hello, I am NKxInrNj.', 'NKxInrNj', 2296, '2024-01-10 06:02:54'),
('NNoJt9WW', 'Hdpj6KAAib', 'NNoJt9WW@gmail.com', 'Hello, I am NNoJt9WW.', 'NNoJt9WW', 2748, '2024-01-10 06:02:54'),
('noah_brown', 'pass789', 'noah_brown@gmail.com', 'Hello, I am Noah Brown.', 'Noah', 10000494, '2024-01-10 06:02:54'),
('noah_garcia', 'pass456', 'noah_garcia@gmail.com', 'Hola, soy Noah Garcia.', 'Noah', 10000508, '2024-01-10 06:02:54'),
('NoFL5wrP', 'gqHmgtMvgF', 'NoFL5wrP@gmail.com', 'Hello, I am NoFL5wrP.', 'NoFL5wrP', 2326, '2024-01-10 06:02:54'),
('nOZmGXOB', 'PJLd8KucFW', 'nOZmGXOB@gmail.com', 'Hello, I am nOZmGXOB.', 'nOZmGXOB', 2633, '2024-01-10 06:02:54'),
('nq7d3fhS', 'h2NvHCNdV8', 'nq7d3fhS@gmail.com', 'Hello, I am nq7d3fhS.', 'nq7d3fhS', 2124, '2024-01-10 06:02:54'),
('NSV0Fgta', 't5Vm8j2EId', 'NSV0Fgta@gmail.com', 'Hello, I am NSV0Fgta.', 'NSV0Fgta', 2428, '2024-01-10 06:02:54'),
('nTkunoxf', 'mdO0r8pnwi', 'nTkunoxf@gmail.com', 'Hello, I am nTkunoxf.', 'nTkunoxf', 2699, '2024-01-10 06:02:54'),
('nUOPIGi1', '6h1Ojezw0C', 'nUOPIGi1@gmail.com', 'Hello, I am nUOPIGi1.', 'nUOPIGi1', 2846, '2024-01-10 06:02:54'),
('nVrg6lfR', 'bO940x4WPg', 'nVrg6lfR@gmail.com', 'Hello, I am nVrg6lfR.', 'nVrg6lfR', 2184, '2024-01-10 06:02:54'),
('nWQO9Xei', 'duEyO7t2J5', 'nWQO9Xei@gmail.com', 'Hello, I am nWQO9Xei.', 'nWQO9Xei', 2308, '2024-01-10 06:02:54'),
('Nxyhwq0o', 'OH5mlC7rBA', 'Nxyhwq0o@gmail.com', 'Hello, I am Nxyhwq0o.', 'Nxyhwq0o', 2371, '2024-01-10 06:02:54'),
('nyg8FKtV', 'WnGrGbABBW', 'nyg8FKtV@gmail.com', 'Hello, I am nyg8FKtV.', 'nyg8FKtV', 2094, '2024-01-10 06:02:54'),
('nzins5ds', '9XMG60vApb', 'nzins5ds@gmail.com', 'Hello, I am nzins5ds.', 'nzins5ds', 2827, '2024-01-10 06:02:54'),
('o0SH7288', 'ikZkyt1RSz', 'o0SH7288@gmail.com', 'Hello, I am o0SH7288.', 'o0SH7288', 2404, '2024-01-10 06:02:54'),
('o1No2duM', 'AFTzybe4H3', 'o1No2duM@gmail.com', 'Hello, I am o1No2duM.', 'o1No2duM', 2479, '2024-01-10 06:02:54'),
('o1sg8UGM', 'uO9kE6IKjU', 'o1sg8UGM@gmail.com', 'Hello, I am o1sg8UGM.', 'o1sg8UGM', 2465, '2024-01-10 06:02:54'),
('o27J0BSA', 'h7oGv5VNuz', 'o27J0BSA@gmail.com', 'Hello, I am o27J0BSA.', 'o27J0BSA', 2968, '2024-01-10 06:02:54'),
('O2WHKA9d', 'IHuMhIvJ5h', 'O2WHKA9d@gmail.com', 'Hello, I am O2WHKA9d.', 'O2WHKA9d', 2467, '2024-01-10 06:02:54'),
('O3SwkC0v', 'quJ2GZfVjk', 'O3SwkC0v@gmail.com', 'Hello, I am O3SwkC0v.', 'O3SwkC0v', 2255, '2024-01-10 06:02:54'),
('o6T731Ey', '1FkH612k1s', 'o6T731Ey@gmail.com', 'Hello, I am o6T731Ey.', 'o6T731Ey', 2865, '2024-01-10 06:02:54'),
('o7yCOc8m', 'htfRhzSk9G', 'o7yCOc8m@gmail.com', 'Hello, I am o7yCOc8m.', 'o7yCOc8m', 2027, '2024-01-10 06:02:54'),
('oaqBRWvT', 'Gc7taUwxF9', 'oaqBRWvT@gmail.com', 'Hello, I am oaqBRWvT.', 'oaqBRWvT', 2940, '2024-01-10 06:02:54'),
('Oasb2OJc', '1Y2iVvPQkY', 'Oasb2OJc@gmail.com', 'Hello, I am Oasb2OJc.', 'Oasb2OJc', 2484, '2024-01-10 06:02:54'),
('OATetXul', 'bRTi4bNVQx', 'OATetXul@gmail.com', 'Hello, I am OATetXul.', 'OATetXul', 2861, '2024-01-10 06:02:54'),
('oawWZT58', 'Uk2k8ojSEB', 'oawWZT58@gmail.com', 'Hello, I am oawWZT58.', 'oawWZT58', 2426, '2024-01-10 06:02:54'),
('ObgCpUaP', 'PA1GF5s3c7', 'ObgCpUaP@gmail.com', 'Hello, I am ObgCpUaP.', 'ObgCpUaP', 2176, '2024-01-10 06:02:54'),
('odbL7E4v', 'tRikoTiMOc', 'odbL7E4v@gmail.com', 'Hello, I am odbL7E4v.', 'odbL7E4v', 2078, '2024-01-10 06:02:54'),
('oDM6dQNm', 'IKu9UBPOfA', 'oDM6dQNm@gmail.com', 'Hello, I am oDM6dQNm.', 'oDM6dQNm', 3022, '2024-01-10 06:02:54'),
('OEyrsK2H', 'yskaoIBZOq', 'OEyrsK2H@gmail.com', 'Hello, I am OEyrsK2H.', 'OEyrsK2H', 2392, '2024-01-10 06:02:54'),
('oFvTQa9L', '0L8JXHoyev', 'oFvTQa9L@gmail.com', 'Hello, I am oFvTQa9L.', 'oFvTQa9L', 2433, '2024-01-10 06:02:54'),
('OFzg3zoO', 'D9GqtL6Aym', 'OFzg3zoO@gmail.com', 'Hello, I am OFzg3zoO.', 'OFzg3zoO', 2267, '2024-01-10 06:02:54'),
('OhaxCLGf', 'yUoq4ASP8A', 'OhaxCLGf@gmail.com', 'Hello, I am OhaxCLGf.', 'OhaxCLGf', 2119, '2024-01-10 06:02:54'),
('oK9lBK3U', 'm72PsuGcQg', 'oK9lBK3U@gmail.com', 'Hello, I am oK9lBK3U.', 'oK9lBK3U', 2591, '2024-01-10 06:02:54'),
('oliver_gomez', 'pass@123', 'oliver_gomez@gmail.com', 'Hola, soy Oliver Gomez.', 'Oliver', 10000504, '2024-01-10 06:02:54'),
('olivia_johnson', 'pass456', 'olivia_johnson@gmail.com', 'Hello, I am Olivia Johnson.', 'Olivia', 10000491, '2024-01-10 06:02:54'),
('olivia_smith', 'olivia444', 'olivia.smith@example.com', 'Hello there, I am Olivia Smith.', 'Olivia', 10000451, '2024-01-10 06:02:54'),
('OMFfckHF', 'RYa0PcMl59', 'OMFfckHF@gmail.com', 'Hello, I am OMFfckHF.', 'OMFfckHF', 2728, '2024-01-10 06:02:54'),
('OmqL4FSl', 'xXUk5nKANz', 'OmqL4FSl@gmail.com', 'Hello, I am OmqL4FSl.', 'OmqL4FSl', 2688, '2024-01-10 06:02:54'),
('oqM6t9zQ', '5Tydxs2Tey', 'oqM6t9zQ@gmail.com', 'Hello, I am oqM6t9zQ.', 'oqM6t9zQ', 2776, '2024-01-10 06:02:54'),
('Oru1pdyy', 'eV0yIM1bxB', 'Oru1pdyy@gmail.com', 'Hello, I am Oru1pdyy.', 'Oru1pdyy', 2299, '2024-01-10 06:02:54'),
('otlLXlk6', 'q0HQGdTVRY', 'otlLXlk6@gmail.com', 'Hello, I am otlLXlk6.', 'otlLXlk6', 2442, '2024-01-10 06:02:54'),
('otrf8YHE', 'MSB7C7wQ50', 'otrf8YHE@gmail.com', 'Hello, I am otrf8YHE.', 'otrf8YHE', 2510, '2024-01-10 06:02:54'),
('OuL3WuJ7', '9d0xYAqePH', 'OuL3WuJ7@gmail.com', 'Hello, I am OuL3WuJ7.', 'OuL3WuJ7', 2547, '2024-01-10 06:02:54'),
('OYbPKSeD', 'etW27yXUfF', 'OYbPKSeD@gmail.com', 'Hello, I am OYbPKSeD.', 'OYbPKSeD', 2698, '2024-01-10 06:02:54'),
('p1nHjwji', '7o5GNdg48E', 'p1nHjwji@gmail.com', 'Hello, I am p1nHjwji.', 'p1nHjwji', 2977, '2024-01-10 06:02:54'),
('P3Spqg1t', 'hlN1gN0UPs', 'P3Spqg1t@gmail.com', 'Hello, I am P3Spqg1t.', 'P3Spqg1t', 2652, '2024-01-10 06:02:54'),
('P4uBEnnG', 'WeBcJV1XAz', 'P4uBEnnG@gmail.com', 'Hello, I am P4uBEnnG.', 'P4uBEnnG', 2116, '2024-01-10 06:02:54'),
('P5gsLS9i', '42LBCGxz0L', 'P5gsLS9i@gmail.com', 'Hello, I am P5gsLS9i.', 'P5gsLS9i', 2066, '2024-01-10 06:02:54'),
('p5OIF7Gj', 'Kcurb0ZToY', 'p5OIF7Gj@gmail.com', 'Hello, I am p5OIF7Gj.', 'p5OIF7Gj', 2194, '2024-01-10 06:02:54'),
('P7nQPsTT', 'MrVE8McZcJ', 'P7nQPsTT@gmail.com', 'Hello, I am P7nQPsTT.', 'P7nQPsTT', 2443, '2024-01-10 06:02:54'),
('P8Q3FFC6', 'GIlOoKjcu0', 'P8Q3FFC6@gmail.com', 'Hello, I am P8Q3FFC6.', 'P8Q3FFC6', 2566, '2024-01-10 06:02:54'),
('P9cM5PMv', 'W5TyxqITgr', 'P9cM5PMv@gmail.com', 'Hello, I am P9cM5PMv.', 'P9cM5PMv', 2991, '2024-01-10 06:02:54'),
('pablo_hernandez', 'pass456', 'pablo_hernandez@gmail.com', 'Hola, soy Pablo Hernandez.', 'Pablo', 10000473, '2024-01-10 06:02:54'),
('PbgpLakV', 'fQUedBahrB', 'PbgpLakV@gmail.com', 'Hello, I am PbgpLakV.', 'PbgpLakV', 2560, '2024-01-10 06:02:54'),
('PCW6aC6r', 'AaGrI91oXu', 'PCW6aC6r@gmail.com', 'Hello, I am PCW6aC6r.', 'PCW6aC6r', 2931, '2024-01-10 06:02:54'),
('peAkSpWV', 'lcMoGs7gjv', 'peAkSpWV@gmail.com', 'Hello, I am peAkSpWV.', 'peAkSpWV', 2183, '2024-01-10 06:02:54'),
('pEXcySYA', '4ay5vcpA6n', 'pEXcySYA@gmail.com', 'Hello, I am pEXcySYA.', 'pEXcySYA', 2715, '2024-01-10 06:02:54'),
('PGDRvRp4', 'ZczT9i7wQ5', 'PGDRvRp4@gmail.com', 'Hello, I am PGDRvRp4.', 'PGDRvRp4', 2775, '2024-01-10 06:02:54'),
('pgfUW3bC', '9wkBB61UWf', 'pgfUW3bC@gmail.com', 'Hello, I am pgfUW3bC.', 'pgfUW3bC', 2105, '2024-01-10 06:02:54'),
('pH58HIj4', 'm5ajILJmuD', 'pH58HIj4@gmail.com', 'Hello, I am pH58HIj4.', 'pH58HIj4', 2826, '2024-01-10 06:02:54'),
('pham_thi', 'dinhkem789', 'pham.thi@example.com', 'Xin chào, tôi là Phạm Thị.', 'Thị', 10000458, '2024-01-10 06:02:54'),
('phongda', '$2y$10$nlk8PkZIY72qQSas1vdVhu6n/7v0Jqow2jTMnwEZCBSGyj0Z55s1S', 'phamthephong_t65@hus.edu.vn', NULL, 'phong', 10000540, '2024-05-15 05:11:01'),
('phongtest', '$2y$10$TG3vOu0DPsY7g4gn/A7sw.08cnjD1Fgj98iN0Nzo9B.KarQPR7gSC', 'phamthephong_t65a@hus.edu.vn', NULL, NULL, 10000541, '2024-05-15 05:17:07'),
('pieETklj', '15NTei7ojb', 'pieETklj@gmail.com', 'Hello, I am pieETklj.', 'pieETklj', 2091, '2024-01-10 06:02:54'),
('PIotWail', 'fypxKDjJq0', 'PIotWail@gmail.com', 'Hello, I am PIotWail.', 'PIotWail', 2046, '2024-01-10 06:02:54'),
('pKDkgWkP', 'wwlYp4JCPk', 'pKDkgWkP@gmail.com', 'Hello, I am pKDkgWkP.', 'pKDkgWkP', 2130, '2024-01-10 06:02:54'),
('plUwbDhB', 'e1NXsejtwj', 'plUwbDhB@gmail.com', 'Hello, I am plUwbDhB.', 'plUwbDhB', 2305, '2024-01-10 06:02:54'),
('pp0HOXlG', 'gEyGOiUILE', 'pp0HOXlG@gmail.com', 'Hello, I am pp0HOXlG.', 'pp0HOXlG', 2904, '2024-01-10 06:02:54'),
('PpOeZfrz', 'S7nch5bphn', 'PpOeZfrz@gmail.com', 'Hello, I am PpOeZfrz.', 'PpOeZfrz', 2464, '2024-01-10 06:02:54'),
('pqMBmtSV', 'KD6qWijHGF', 'pqMBmtSV@gmail.com', 'Hello, I am pqMBmtSV.', 'pqMBmtSV', 2597, '2024-01-10 06:02:54'),
('pqOu4b2E', 'a8nyd3iim9', 'pqOu4b2E@gmail.com', 'Hello, I am pqOu4b2E.', 'pqOu4b2E', 2283, '2024-01-10 06:02:54'),
('pqqkdTza', 'JaMN9bVAWd', 'pqqkdTza@gmail.com', 'Hello, I am pqqkdTza.', 'pqqkdTza', 2082, '2024-01-10 06:02:54'),
('PSGq0DO9', 'bu5lrQp7Ax', 'PSGq0DO9@gmail.com', 'Hello, I am PSGq0DO9.', 'PSGq0DO9', 2648, '2024-01-10 06:02:54'),
('PUBw27Ly', 'Z9xaDDoCqy', 'PUBw27Ly@gmail.com', 'Hello, I am PUBw27Ly.', 'PUBw27Ly', 2920, '2024-01-10 06:02:54'),
('PuoNLfGP', 'K3BwUAPsj9', 'PuoNLfGP@gmail.com', 'Hello, I am PuoNLfGP.', 'PuoNLfGP', 2784, '2024-01-10 06:02:54'),
('PVjW3jeM', 'Sv7KXlgLyT', 'PVjW3jeM@gmail.com', 'Hello, I am PVjW3jeM.', 'PVjW3jeM', 2565, '2024-01-10 06:02:54'),
('pXuTy80D', 'uyeYk3S7Wo', 'pXuTy80D@gmail.com', 'Hello, I am pXuTy80D.', 'pXuTy80D', 2478, '2024-01-10 06:02:54'),
('Py9Eyynn', '2Vy7VvqDTI', 'Py9Eyynn@gmail.com', 'Hello, I am Py9Eyynn.', 'Py9Eyynn', 2766, '2024-01-10 06:02:54'),
('PzD1t7PO', 'HWMzEdF77c', 'PzD1t7PO@gmail.com', 'Hello, I am PzD1t7PO.', 'PzD1t7PO', 2800, '2024-01-10 06:02:54'),
('PZDzsbhT', '2REpQ6YOAU', 'PZDzsbhT@gmail.com', 'Hello, I am PZDzsbhT.', 'PZDzsbhT', 2741, '2024-01-10 06:02:54'),
('Q0F1c5FZ', '9s9fb2Tyu0', 'Q0F1c5FZ@gmail.com', 'Hello, I am Q0F1c5FZ.', 'Q0F1c5FZ', 2206, '2024-01-10 06:02:54'),
('Q2DgbN89', 'mdrwPS9dbG', 'Q2DgbN89@gmail.com', 'Hello, I am Q2DgbN89.', 'Q2DgbN89', 2270, '2024-01-10 06:02:54'),
('Q4009bhV', 'fTs62e19sJ', 'Q4009bhV@gmail.com', 'Hello, I am Q4009bhV.', 'Q4009bhV', 2106, '2024-01-10 06:02:54'),
('q4nYVOpp', 'WbQRP5quK7', 'q4nYVOpp@gmail.com', 'Hello, I am q4nYVOpp.', 'q4nYVOpp', 2424, '2024-01-10 06:02:54'),
('q5nvR64i', 'O1kXMCRqpZ', 'q5nvR64i@gmail.com', 'Hello, I am q5nvR64i.', 'q5nvR64i', 2076, '2024-01-10 06:02:54'),
('q61qQMrc', 'UK3vFWLaym', 'q61qQMrc@gmail.com', 'Hello, I am q61qQMrc.', 'q61qQMrc', 2670, '2024-01-10 06:02:54'),
('q66P4zal', 'hyDdNWPcM0', 'q66P4zal@gmail.com', 'Hello, I am q66P4zal.', 'q66P4zal', 2051, '2024-01-10 06:02:54'),
('Q6motqU7', 'tiaodbdQlC', 'Q6motqU7@gmail.com', 'Hello, I am Q6motqU7.', 'Q6motqU7', 2246, '2024-01-10 06:02:54'),
('q7fx2sWU', 'LmOhlu5U9I', 'q7fx2sWU@gmail.com', 'Hello, I am q7fx2sWU.', 'q7fx2sWU', 2828, '2024-01-10 06:02:54'),
('Q7NAZoGJ', 'zW3ZDuDy7r', 'Q7NAZoGJ@gmail.com', 'Hello, I am Q7NAZoGJ.', 'Q7NAZoGJ', 2252, '2024-01-10 06:02:54'),
('Qa9SNa1T', '16NJHtXTu5', 'Qa9SNa1T@gmail.com', 'Hello, I am Qa9SNa1T.', 'Qa9SNa1T', 2228, '2024-01-10 06:02:54'),
('QBcrmUO2', 'PUg7UDgVX1', 'QBcrmUO2@gmail.com', 'Hello, I am QBcrmUO2.', 'QBcrmUO2', 2438, '2024-01-10 06:02:54'),
('QBQ4jgUC', 'QItmsggrPM', 'QBQ4jgUC@gmail.com', 'Hello, I am QBQ4jgUC.', 'QBQ4jgUC', 2551, '2024-01-10 06:02:54'),
('QcEbhPM6', 'TM56VQ52G5', 'QcEbhPM6@gmail.com', 'Hello, I am QcEbhPM6.', 'QcEbhPM6', 2110, '2024-01-10 06:02:54'),
('qCODlVlz', '3TNTKNLi15', 'qCODlVlz@gmail.com', 'Hello, I am qCODlVlz.', 'qCODlVlz', 2958, '2024-01-10 06:02:54'),
('Qdw3BmTG', 'bZS5nlJSjs', 'Qdw3BmTG@gmail.com', 'Hello, I am Qdw3BmTG.', 'Qdw3BmTG', 2312, '2024-01-10 06:02:54'),
('qF7s4D4d', 'sPAY8j679A', 'qF7s4D4d@gmail.com', 'Hello, I am qF7s4D4d.', 'qF7s4D4d', 2329, '2024-01-10 06:02:54'),
('qfcTk6mP', 'nLcOJfgd5E', 'qfcTk6mP@gmail.com', 'Hello, I am qfcTk6mP.', 'qfcTk6mP', 2778, '2024-01-10 06:02:54'),
('qGDJhN6h', '3Sz8jfsOOV', 'qGDJhN6h@gmail.com', 'Hello, I am qGDJhN6h.', 'qGDJhN6h', 2427, '2024-01-10 06:02:54'),
('qHZaoNAs', 'WkP8D45OCZ', 'qHZaoNAs@gmail.com', 'Hello, I am qHZaoNAs.', 'qHZaoNAs', 2513, '2024-01-10 06:02:54'),
('qif6Ny8B', 'f3wJIGkTQu', 'qif6Ny8B@gmail.com', 'Hello, I am qif6Ny8B.', 'qif6Ny8B', 2755, '2024-01-10 06:02:54'),
('Qj5N6aur', 'tOoecKGNhK', 'Qj5N6aur@gmail.com', 'Hello, I am Qj5N6aur.', 'Qj5N6aur', 3019, '2024-01-10 06:02:54'),
('QlD7U4Dy', 'vxi0TlJ69O', 'QlD7U4Dy@gmail.com', 'Hello, I am QlD7U4Dy.', 'QlD7U4Dy', 2172, '2024-01-10 06:02:54'),
('qlkyBdUS', 'EsvbMja7O6', 'qlkyBdUS@gmail.com', 'Hello, I am qlkyBdUS.', 'qlkyBdUS', 2797, '2024-01-10 06:02:54'),
('qMeNGmHc', 'L0yzGzqB5W', 'qMeNGmHc@gmail.com', 'Hello, I am qMeNGmHc.', 'qMeNGmHc', 2642, '2024-01-10 06:02:54'),
('QMFJIzXQ', 'UDuduEP78e', 'QMFJIzXQ@gmail.com', 'Hello, I am QMFJIzXQ.', 'QMFJIzXQ', 2988, '2024-01-10 06:02:54'),
('Qn8Bq0Nn', 'vtSo7sGHr9', 'Qn8Bq0Nn@gmail.com', 'Hello, I am Qn8Bq0Nn.', 'Qn8Bq0Nn', 2546, '2024-01-10 06:02:54'),
('qp8oVcDK', 'xiUzkE6JUF', 'qp8oVcDK@gmail.com', 'Hello, I am qp8oVcDK.', 'qp8oVcDK', 2590, '2024-01-10 06:02:54'),
('qqmPD5S3', 'kIooT8ctbf', 'qqmPD5S3@gmail.com', 'Hello, I am qqmPD5S3.', 'qqmPD5S3', 2114, '2024-01-10 06:02:54'),
('qrfCOZpT', 'AFAgrWp0ns', 'qrfCOZpT@gmail.com', 'Hello, I am qrfCOZpT.', 'qrfCOZpT', 2714, '2024-01-10 06:02:54'),
('qsCVuXdr', 'bAuUqUmRHp', 'qsCVuXdr@gmail.com', 'Hello, I am qsCVuXdr.', 'qsCVuXdr', 2604, '2024-01-10 06:02:54'),
('QsJiarLg', 'wlFnGg5Y7p', 'QsJiarLg@gmail.com', 'Hello, I am QsJiarLg.', 'QsJiarLg', 2493, '2024-01-10 06:02:54'),
('qUBzKlO7', 'Gby2m9JPLu', 'qUBzKlO7@gmail.com', 'Hello, I am qUBzKlO7.', 'qUBzKlO7', 2400, '2024-01-10 06:02:54'),
('quocanh', '$2y$10$DDm.MAogVNJwElnyiCqhGOuvHNT7n.mjoCLSGSJ.qji73P48ttfum', 'quocanh@gmail.com', NULL, 'Người dùng này chưa có biệt danht', 10000530, '2024-01-21 09:01:55'),
('quyenquyen', 'Quyen123$', 'tntq206@gmail.com', 'aaaaaaaaaaaaaaaaaaaaaaaaaaaaaaaaaaaaaaaaaaaaaaaaaaaaaaaaaaaaaaaaaaaaa', 'Quyên xinh gái', 1, '2024-01-10 06:02:54'),
('qXfTLKkK', 'LWj3M2j0xD', 'qXfTLKkK@gmail.com', 'Hello, I am qXfTLKkK.', 'qXfTLKkK', 2514, '2024-01-10 06:02:54'),
('qy1DQEW6', 'Wltwj8Lrnx', 'qy1DQEW6@gmail.com', 'Hello, I am qy1DQEW6.', 'qy1DQEW6', 2357, '2024-01-10 06:02:54'),
('QyKsLbFf', 'SxbkWEJt36', 'QyKsLbFf@gmail.com', 'Hello, I am QyKsLbFf.', 'QyKsLbFf', 2657, '2024-01-10 06:02:54'),
('R1XqGWI9', '2CpcaGJP5W', 'R1XqGWI9@gmail.com', 'Hello, I am R1XqGWI9.', 'R1XqGWI9', 2100, '2024-01-10 06:02:54'),
('R46HMSOJ', 'rIzujmny3P', 'R46HMSOJ@gmail.com', 'Hello, I am R46HMSOJ.', 'R46HMSOJ', 2288, '2024-01-10 06:02:54'),
('r4qw15ef', '471ShdGZ5L', 'r4qw15ef@gmail.com', 'Hello, I am r4qw15ef.', 'r4qw15ef', 2818, '2024-01-10 06:02:54'),
('r4yzQC05', 'WVwoeOyg86', 'r4yzQC05@gmail.com', 'Hello, I am r4yzQC05.', 'r4yzQC05', 2879, '2024-01-10 06:02:54'),
('r5T4tI0K', '8pkRHI9FHs', 'r5T4tI0K@gmail.com', 'Hello, I am r5T4tI0K.', 'r5T4tI0K', 2186, '2024-01-10 06:02:54'),
('r7LupWyq', 'hIUWZ3M6HX', 'r7LupWyq@gmail.com', 'Hello, I am r7LupWyq.', 'r7LupWyq', 2375, '2024-01-10 06:02:54'),
('rAF5PWo7', 'ndn2I0HGdW', 'rAF5PWo7@gmail.com', 'Hello, I am rAF5PWo7.', 'rAF5PWo7', 2068, '2024-01-10 06:02:54'),
('raTluMZD', 'ZNUN2LDuz6', 'raTluMZD@gmail.com', 'Hello, I am raTluMZD.', 'raTluMZD', 2273, '2024-01-10 06:02:54'),
('RC4TrGxr', 'SueMIulXB3', 'RC4TrGxr@gmail.com', 'Hello, I am RC4TrGxr.', 'RC4TrGxr', 3004, '2024-01-10 06:02:54'),
('RcsbLrGQ', 'jfMikKy5zr', 'RcsbLrGQ@gmail.com', 'Hello, I am RcsbLrGQ.', 'RcsbLrGQ', 2395, '2024-01-10 06:02:54'),
('RDUqZjjS', '8XAqY2lAan', 'RDUqZjjS@gmail.com', 'Hello, I am RDUqZjjS.', 'RDUqZjjS', 2795, '2024-01-10 06:02:54'),
('regexâ', '$2y$10$5mAb.vutX0uFYlaEjMJq3OXC2qC7/jPNWa2IPINooPN//Ps9ei0uO', 'regex@g', NULL, 'Người dùng này chưa có biệt danht', 10000538, '2024-05-10 12:51:55'),
('rgfpjAu6', '5dg9g3ylQC', 'rgfpjAu6@gmail.com', 'Hello, I am rgfpjAu6.', 'rgfpjAu6', 2231, '2024-01-10 06:02:54'),
('Ri4t8NZ3', 'mh0EQIovm9', 'Ri4t8NZ3@gmail.com', 'Hello, I am Ri4t8NZ3.', 'Ri4t8NZ3', 2242, '2024-01-10 06:02:54'),
('ri6Iv5LQ', 'tlt6ROyad6', 'ri6Iv5LQ@gmail.com', 'Hello, I am ri6Iv5LQ.', 'ri6Iv5LQ', 2576, '2024-01-10 06:02:54'),
('RJcJdL7Q', 'SYl3RAnrt5', 'RJcJdL7Q@gmail.com', 'Hello, I am RJcJdL7Q.', 'RJcJdL7Q', 2333, '2024-01-10 06:02:54'),
('RKA2LAOH', 'FNtMsf19j6', 'RKA2LAOH@gmail.com', 'Hello, I am RKA2LAOH.', 'RKA2LAOH', 2858, '2024-01-10 06:02:54'),
('Rl0rBYHu', 'oWTbTGvgbj', 'Rl0rBYHu@gmail.com', 'Hello, I am Rl0rBYHu.', 'Rl0rBYHu', 2173, '2024-01-10 06:02:54'),
('rL2nTgze', '4fHjrqmJFz', 'rL2nTgze@gmail.com', 'Hello, I am rL2nTgze.', 'rL2nTgze', 2905, '2024-01-10 06:02:54'),
('rLkvzysk', 'BO6fH6mRDN', 'rLkvzysk@gmail.com', 'Hello, I am rLkvzysk.', 'rLkvzysk', 2582, '2024-01-10 06:02:54'),
('rLw3ftYF', 'djebS7iKen', 'rLw3ftYF@gmail.com', 'Hello, I am rLw3ftYF.', 'rLw3ftYF', 2253, '2024-01-10 06:02:54'),
('rom2KNsc', 'D4HSzgN8qW', 'rom2KNsc@gmail.com', 'Hello, I am rom2KNsc.', 'rom2KNsc', 2440, '2024-01-10 06:02:54'),
('rpdHKPY8', 'XfFuwoxzO3', 'rpdHKPY8@gmail.com', 'Hello, I am rpdHKPY8.', 'rpdHKPY8', 2388, '2024-01-10 06:02:54'),
('rPS1tmLV', 'jA0nZiHW3L', 'rPS1tmLV@gmail.com', 'Hello, I am rPS1tmLV.', 'rPS1tmLV', 2175, '2024-01-10 06:02:54'),
('RqWVlPqF', 'qvhSZ4J5W9', 'RqWVlPqF@gmail.com', 'Hello, I am RqWVlPqF.', 'RqWVlPqF', 2598, '2024-01-10 06:02:54'),
('RREkrGQt', 'Da4UPzfCdk', 'RREkrGQt@gmail.com', 'Hello, I am RREkrGQt.', 'RREkrGQt', 2146, '2024-01-10 06:02:54'),
('rtem5Iuw', 'pmtxfGAbqs', 'rtem5Iuw@gmail.com', 'Hello, I am rtem5Iuw.', 'rtem5Iuw', 2163, '2024-01-10 06:02:54'),
('RWnfxhrw', 'oQlwvgYgJ9', 'RWnfxhrw@gmail.com', 'Hello, I am RWnfxhrw.', 'RWnfxhrw', 2654, '2024-01-10 06:02:54'),
('RwQU2ifb', 'yyZk4jmy7t', 'RwQU2ifb@gmail.com', 'Hello, I am RwQU2ifb.', 'RwQU2ifb', 2837, '2024-01-10 06:02:54'),
('RXcpmcsG', 'NWFPguX7jE', 'RXcpmcsG@gmail.com', 'Hello, I am RXcpmcsG.', 'RXcpmcsG', 2860, '2024-01-10 06:02:54'),
('RxTiHngd', 'Z0ZElgGzHd', 'RxTiHngd@gmail.com', 'Hello, I am RxTiHngd.', 'RxTiHngd', 2733, '2024-01-10 06:02:54');
INSERT INTO `user` (`username`, `password`, `email`, `description`, `nickname`, `iduser`, `time_create`) VALUES
('rzRG053k', 'fIKFx50wsE', 'rzRG053k@gmail.com', 'Hello, I am rzRG053k.', 'rzRG053k', 2359, '2024-01-10 06:02:54'),
('s16MFqhx', 'CZe5A3bF1y', 's16MFqhx@gmail.com', 'Hello, I am s16MFqhx.', 's16MFqhx', 2913, '2024-01-10 06:02:54'),
('s4L9q2mK', 'CbIC79qLID', 's4L9q2mK@gmail.com', 'Hello, I am s4L9q2mK.', 's4L9q2mK', 2832, '2024-01-10 06:02:54'),
('s7d4CoDK', 'iLOhQCLjcW', 's7d4CoDK@gmail.com', 'Hello, I am s7d4CoDK.', 's7d4CoDK', 2199, '2024-01-10 06:02:54'),
('s7nkFMv5', 'yiRpE0SREz', 's7nkFMv5@gmail.com', 'Hello, I am s7nkFMv5.', 's7nkFMv5', 2307, '2024-01-10 06:02:54'),
('s87NNiHG', '1RTscflKsb', 's87NNiHG@gmail.com', 'Hello, I am s87NNiHG.', 's87NNiHG', 2111, '2024-01-10 06:02:54'),
('S99H1STu', 'lITJDAy1rW', 'S99H1STu@gmail.com', 'Hello, I am S99H1STu.', 'S99H1STu', 2081, '2024-01-10 06:02:54'),
('Sabk7CkC', 'XmFXrif1Oj', 'Sabk7CkC@gmail.com', 'Hello, I am Sabk7CkC.', 'Sabk7CkC', 2507, '2024-01-10 06:02:54'),
('sAEYb4Zt', 'Fou6lSBeXC', 'sAEYb4Zt@gmail.com', 'Hello, I am sAEYb4Zt.', 'sAEYb4Zt', 2107, '2024-01-10 06:02:54'),
('SAI0NT2E', 'Kw9l17VfjQ', 'SAI0NT2E@gmail.com', 'Hello, I am SAI0NT2E.', 'SAI0NT2E', 2324, '2024-01-10 06:02:54'),
('sAJoI68b', '8opTp9JNsW', 'sAJoI68b@gmail.com', 'Hello, I am sAJoI68b.', 'sAJoI68b', 2103, '2024-01-10 06:02:54'),
('satoshi_nakamoto', 'crypto321', 'satoshi_nakamoto@gmail.com', 'I am Satoshi Nakamoto, the creator of Bitcoin.', 'Satoshi', 10000467, '2024-01-10 06:02:54'),
('sBbMbdvJ', 'WHElqUY2z8', 'sBbMbdvJ@gmail.com', 'Hello, I am sBbMbdvJ.', 'sBbMbdvJ', 2892, '2024-01-10 06:02:54'),
('SBCgLaSH', '2Yjdes6L5K', 'SBCgLaSH@gmail.com', 'Hello, I am SBCgLaSH.', 'SBCgLaSH', 2243, '2024-01-10 06:02:54'),
('Sdd8DKzR', '8dcUwZzrrF', 'Sdd8DKzR@gmail.com', 'Hello, I am Sdd8DKzR.', 'Sdd8DKzR', 2401, '2024-01-10 06:02:54'),
('SDYk1i33', 'C3xYtxyJtn', 'SDYk1i33@gmail.com', 'Hello, I am SDYk1i33.', 'SDYk1i33', 2735, '2024-01-10 06:02:54'),
('SgektDgv', '6QpnNKehbb', 'SgektDgv@gmail.com', 'Hello, I am SgektDgv.', 'SgektDgv', 2118, '2024-01-10 06:02:54'),
('SiECkZtE', 'BG7xBqacgp', 'SiECkZtE@gmail.com', 'Hello, I am SiECkZtE.', 'SiECkZtE', 2530, '2024-01-10 06:02:54'),
('SlAgyacq', 'jXGGPSJuHn', 'SlAgyacq@gmail.com', 'Hello, I am SlAgyacq.', 'SlAgyacq', 2373, '2024-01-10 06:02:54'),
('SldcRTkI', 'N9zwe6bZW3', 'SldcRTkI@gmail.com', 'Hello, I am SldcRTkI.', 'SldcRTkI', 2423, '2024-01-10 06:02:54'),
('Sm0y65OC', 'rFy3NntuKt', 'Sm0y65OC@gmail.com', 'Hello, I am Sm0y65OC.', 'Sm0y65OC', 2681, '2024-01-10 06:02:54'),
('smaidaismdimi', 'Minh123$', 'nifasonoisdnao@gmail.com', NULL, 'Người dùng này chưa có biệt danht', 10000509, '2024-01-10 06:02:54'),
('SNJQ0a4l', 'J7O7zwG8Z7', 'SNJQ0a4l@gmail.com', 'Hello, I am SNJQ0a4l.', 'SNJQ0a4l', 2416, '2024-01-10 06:02:54'),
('sNvDOrr1', 'C1JXglzyy0', 'sNvDOrr1@gmail.com', 'Hello, I am sNvDOrr1.', 'sNvDOrr1', 2643, '2024-01-10 06:02:54'),
('sNY24CNq', '8CjtNBsdiL', 'sNY24CNq@gmail.com', 'Hello, I am sNY24CNq.', 'sNY24CNq', 2132, '2024-01-10 06:02:54'),
('sophia_lee', 'sophia111', 'sophia.lee@example.com', 'Nice to meet you, I am Sophia Lee.', 'Sophia', 10000449, '2024-01-10 06:02:54'),
('sophia_martinez', 'mypass123', 'sophia_martinez@gmail.com', 'Hi, I am Sophia Martinez.', 'Sophia', 10000495, '2024-01-10 06:02:54'),
('sophia_smith', 'pass@456', 'sophia_smith@gmail.com', 'Hello, I am Sophia Smith.', 'Sophia', 10000505, '2024-01-10 06:02:54'),
('sqFcPaeT', 'iNrGoYafsF', 'sqFcPaeT@gmail.com', 'Hello, I am sqFcPaeT.', 'sqFcPaeT', 2393, '2024-01-10 06:02:54'),
('sqK8wxnD', '0z8jCJp5ve', 'sqK8wxnD@gmail.com', 'Hello, I am sqK8wxnD.', 'sqK8wxnD', 2378, '2024-01-10 06:02:54'),
('SQrHOguR', '0zoQOp4wKG', 'SQrHOguR@gmail.com', 'Hello, I am SQrHOguR.', 'SQrHOguR', 2190, '2024-01-10 06:02:54'),
('SQt72XkP', 'z3kwl3GIn4', 'SQt72XkP@gmail.com', 'Hello, I am SQt72XkP.', 'SQt72XkP', 2112, '2024-01-10 06:02:54'),
('SrIynJG2', 'JDcjSxuUWJ', 'SrIynJG2@gmail.com', 'Hello, I am SrIynJG2.', 'SrIynJG2', 2945, '2024-01-10 06:02:54'),
('sTHQNM6e', 'LGLzVo18H8', 'sTHQNM6e@gmail.com', 'Hello, I am sTHQNM6e.', 'sTHQNM6e', 2554, '2024-01-10 06:02:54'),
('susan_miller', 'pass@123', 'susan_miller@gmail.com', 'Hi, I am Susan Miller.', 'Susan', 10000475, '2024-01-10 06:02:54'),
('sUX9JU3e', 'VNLLM69U1t', 'sUX9JU3e@gmail.com', 'Hello, I am sUX9JU3e.', 'sUX9JU3e', 3002, '2024-01-10 06:02:54'),
('Sx9dW4kx', '0vZe7qlhXe', 'Sx9dW4kx@gmail.com', 'Hello, I am Sx9dW4kx.', 'Sx9dW4kx', 2974, '2024-01-10 06:02:54'),
('SXUpIGRP', 'UwqWKWFMtN', 'SXUpIGRP@gmail.com', 'Hello, I am SXUpIGRP.', 'SXUpIGRP', 2805, '2024-01-10 06:02:54'),
('sZJEqxpR', 'CIthF7yDpS', 'sZJEqxpR@gmail.com', 'Hello, I am sZJEqxpR.', 'sZJEqxpR', 2490, '2024-01-10 06:02:54'),
('T3srfPie', 'OsKfLhS8eT', 'T3srfPie@gmail.com', 'Hello, I am T3srfPie.', 'T3srfPie', 2895, '2024-01-10 06:02:54'),
('T3ypbfqV', '8kur91Zf5j', 'T3ypbfqV@gmail.com', 'Hello, I am T3ypbfqV.', 'T3ypbfqV', 3009, '2024-01-10 06:02:54'),
('t6vDFKvK', 'QeGmOMsqcS', 't6vDFKvK@gmail.com', 'Hello, I am t6vDFKvK.', 't6vDFKvK', 2032, '2024-01-10 06:02:54'),
('t6ysLFPt', 'Tls3MxWwQk', 't6ysLFPt@gmail.com', 'Hello, I am t6ysLFPt.', 't6ysLFPt', 2548, '2024-01-10 06:02:54'),
('t7YouCC1', 'LmfIzW4xvu', 't7YouCC1@gmail.com', 'Hello, I am t7YouCC1.', 't7YouCC1', 2140, '2024-01-10 06:02:54'),
('t8s8MPGV', '85W2gn7ZBk', 't8s8MPGV@gmail.com', 'Hello, I am t8s8MPGV.', 't8s8MPGV', 2975, '2024-01-10 06:02:54'),
('t9Tq3kzO', 'Cv3uQNsFAf', 't9Tq3kzO@gmail.com', 'Hello, I am t9Tq3kzO.', 't9Tq3kzO', 2587, '2024-01-10 06:02:54'),
('tam22032004', '$2y$10$A6ISTQyOrrUZseJEi.o01.sndzFAbSPTgspqBo.t7WdnF6MwaZ.b6', 'emvipzzss@gmail.com', NULL, 'chanbedukkk', 10000517, '2024-01-10 06:02:54'),
('TamwcKVD', 'zwiJrfyRzN', 'TamwcKVD@gmail.com', 'Hello, I am TamwcKVD.', 'TamwcKVD', 2435, '2024-01-10 06:02:54'),
('taokhongcoten', '$2y$10$Zl4TnZbZyYsVC5edmdLG0uj1GFE8t8MgdEdzoEgNeM6qCprkMO5g6', 'hoangnguyen241003@gmail.com', NULL, 'taokhongcoten', 10000528, '2024-01-12 09:00:57'),
('tbgiD274', 'cw1XmnBrCU', 'tbgiD274@gmail.com', 'Hello, I am tbgiD274.', 'tbgiD274', 2854, '2024-01-10 06:02:54'),
('TC2LVzfU', 'gga7qeA7MG', 'TC2LVzfU@gmail.com', 'Hello, I am TC2LVzfU.', 'TC2LVzfU', 2219, '2024-01-10 06:02:54'),
('TcVehy8K', 'EE9EQHsx2B', 'TcVehy8K@gmail.com', 'Hello, I am TcVehy8K.', 'TcVehy8K', 2873, '2024-01-10 06:02:54'),
('TdfrIBPg', 'p3fn4D4WkC', 'TdfrIBPg@gmail.com', 'Hello, I am TdfrIBPg.', 'TdfrIBPg', 2344, '2024-01-10 06:02:54'),
('TdHm5tmv', 'LmYinkRD9v', 'TdHm5tmv@gmail.com', 'Hello, I am TdHm5tmv.', 'TdHm5tmv', 2376, '2024-01-10 06:02:54'),
('tEQJTjfB', 'Z5tyGthjMN', 'tEQJTjfB@gmail.com', 'Hello, I am tEQJTjfB.', 'tEQJTjfB', 2062, '2024-01-10 06:02:54'),
('test@123', '$2y$10$6adHkpwGgn1iBD99.uXJQ.U/q3BCm8AWRsofozOl2Ov7uy0BJcu7i', 'test@gmail.com', NULL, 'tester', 10000523, '2024-01-10 11:57:18'),
('TEVXneOS', 'fE3QM1SE5G', 'TEVXneOS@gmail.com', 'Hello, I am TEVXneOS.', 'TEVXneOS', 2342, '2024-01-10 06:02:54'),
('TF171Yap', 'kgXRjGIrNQ', 'TF171Yap@gmail.com', 'Hello, I am TF171Yap.', 'TF171Yap', 2852, '2024-01-10 06:02:54'),
('tf2STVtw', '7VtufqiZjH', 'tf2STVtw@gmail.com', 'Hello, I am tf2STVtw.', 'tf2STVtw', 2224, '2024-01-10 06:02:54'),
('Ththaole', '$2y$10$Suxya85XmYlPViUZFsiYpOZXqK4LkqyXjMrFdDUBDsR8jpVO5.YFq', 'ththaole1303@gmail.com', NULL, 'Bé Pi', 10000531, '2024-03-15 21:17:46'),
('tJ4sQXSz', 'ldpsSqQEu1', 'tJ4sQXSz@gmail.com', 'Hello, I am tJ4sQXSz.', 'tJ4sQXSz', 2487, '2024-01-10 06:02:54'),
('tlT30ZUZ', 'V5nItVSj86', 'tlT30ZUZ@gmail.com', 'Hello, I am tlT30ZUZ.', 'tlT30ZUZ', 2947, '2024-01-10 06:02:54'),
('TlWhiOE9', 'pz5HEBGjwZ', 'TlWhiOE9@gmail.com', 'Hello, I am TlWhiOE9.', 'TlWhiOE9', 2662, '2024-01-10 06:02:54'),
('tmiCooXd', 'zzbvo7B8Cs', 'tmiCooXd@gmail.com', 'Hello, I am tmiCooXd.', 'tmiCooXd', 2182, '2024-01-10 06:02:54'),
('tN00CXlx', 'WPJ7qCkUlt', 'tN00CXlx@gmail.com', 'Hello, I am tN00CXlx.', 'tN00CXlx', 2144, '2024-01-10 06:02:54'),
('TNT0972612200', '$2y$10$/wG8NFNvLZd08IEy7wvb9.6WufnaEZP5V3.0F2PQX.LHHUI79Ug86', 'tuyen0972612200@gmail.com', 'đfsdfsdfds', 'tuyen0972612200', 10000525, '2024-01-11 09:30:32'),
('TnvK9sUy', '1eDnVrrtXf', 'TnvK9sUy@gmail.com', 'Hello, I am TnvK9sUy.', 'TnvK9sUy', 2760, '2024-01-10 06:02:54'),
('TpuUqkkj', '7oO5QY8T2m', 'TpuUqkkj@gmail.com', 'Hello, I am TpuUqkkj.', 'TpuUqkkj', 2309, '2024-01-10 06:02:54'),
('TQ7hI55Z', 'u9YJMxvlgC', 'TQ7hI55Z@gmail.com', 'Hello, I am TQ7hI55Z.', 'TQ7hI55Z', 2893, '2024-01-10 06:02:54'),
('tquiencutidangiu', 'Tquien0901#', 'tquyen.09012006@gmail.com', 'tquien đẹp gái', 'Rycutiwa', 10000511, '2024-01-10 06:02:54'),
('tqZX4Zno', 'XEzjUs3MxX', 'tqZX4Zno@gmail.com', 'Hello, I am tqZX4Zno.', 'tqZX4Zno', 2983, '2024-01-10 06:02:54'),
('tran_thi', 'pass456', 'tran.thi@example.com', 'Chào bạn, tôi là Trần Thị.', 'Thị', 10000456, '2024-01-10 06:02:54'),
('tran_van', 'h@pass999', 'tran.van@example.com', 'Chào bạn, tôi là Trần Văn.', 'Văn', 10000462, '2024-01-10 06:02:54'),
('tTgpKMrZ', 'QZxSQ4bMtX', 'tTgpKMrZ@gmail.com', 'Hello, I am tTgpKMrZ.', 'tTgpKMrZ', 2257, '2024-01-10 06:02:54'),
('tuananh', 'Abc2defg$', 'asdasd@gmail.com', 'This user haven\'t update description yet', 'This user haven\'t update nickname yet', 2, '2024-01-10 06:02:54'),
('TuSE8ARu', '7O6m7JSB0A', 'TuSE8ARu@gmail.com', 'Hello, I am TuSE8ARu.', 'TuSE8ARu', 2876, '2024-01-10 06:02:54'),
('tuT9JETM', 'CW6GDAVRZ1', 'tuT9JETM@gmail.com', 'Hello, I am tuT9JETM.', 'tuT9JETM', 2723, '2024-01-10 06:02:54'),
('tw6P4VG0', 'rEz52PmKOo', 'tw6P4VG0@gmail.com', 'Hello, I am tw6P4VG0.', 'tw6P4VG0', 2641, '2024-01-10 06:02:54'),
('TWgpyEFg', '5sv2ZVkjE0', 'TWgpyEFg@gmail.com', 'Hello, I am TWgpyEFg.', 'TWgpyEFg', 2798, '2024-01-10 06:02:54'),
('Tx8QhNQQ', '6OuqjsRg1q', 'Tx8QhNQQ@gmail.com', 'Hello, I am Tx8QhNQQ.', 'Tx8QhNQQ', 2757, '2024-01-10 06:02:54'),
('tXhBTRG9', 'B40kLyb5ZG', 'tXhBTRG9@gmail.com', 'Hello, I am tXhBTRG9.', 'tXhBTRG9', 3013, '2024-01-10 06:02:54'),
('ty97ewR6', 'SXDw9uR4Se', 'ty97ewR6@gmail.com', 'Hello, I am ty97ewR6.', 'ty97ewR6', 2420, '2024-01-10 06:02:54'),
('tYdd4gqi', 'kRINyY1BDl', 'tYdd4gqi@gmail.com', 'Hello, I am tYdd4gqi.', 'tYdd4gqi', 2820, '2024-01-10 06:02:54'),
('tz7iANgV', 'bRzpm2L2Lf', 'tz7iANgV@gmail.com', 'Hello, I am tz7iANgV.', 'tz7iANgV', 2418, '2024-01-10 06:02:54'),
('TZl2p7N6', 'npHPRYfD83', 'TZl2p7N6@gmail.com', 'Hello, I am TZl2p7N6.', 'TZl2p7N6', 2534, '2024-01-10 06:02:54'),
('TzRI5bEu', 'iSVRYWvKds', 'TzRI5bEu@gmail.com', 'Hello, I am TzRI5bEu.', 'TzRI5bEu', 2121, '2024-01-10 06:02:54'),
('u509NOO9', 'YXl5pzN3iu', 'u509NOO9@gmail.com', 'Hello, I am u509NOO9.', 'u509NOO9', 2842, '2024-01-10 06:02:54'),
('U7imwMqB', 'S7TFaKTa1v', 'U7imwMqB@gmail.com', 'Hello, I am U7imwMqB.', 'U7imwMqB', 2973, '2024-01-10 06:02:54'),
('u8DehZTZ', 'OVoKYB6OMR', 'u8DehZTZ@gmail.com', 'Hello, I am u8DehZTZ.', 'u8DehZTZ', 2454, '2024-01-10 06:02:54'),
('U9RdUw8E', 'UomDTwaXp3', 'U9RdUw8E@gmail.com', 'Hello, I am U9RdUw8E.', 'U9RdUw8E', 2260, '2024-01-10 06:02:54'),
('UblzEOBm', 'B8jZ84PL75', 'UblzEOBm@gmail.com', 'Hello, I am UblzEOBm.', 'UblzEOBm', 3015, '2024-01-10 06:02:54'),
('UbzNIQq9', 'uam20okTzI', 'UbzNIQq9@gmail.com', 'Hello, I am UbzNIQq9.', 'UbzNIQq9', 2285, '2024-01-10 06:02:54'),
('ucAlUOUt', 'fHmGMLJaKC', 'ucAlUOUt@gmail.com', 'Hello, I am ucAlUOUt.', 'ucAlUOUt', 2084, '2024-01-10 06:02:54'),
('ucKcc1Nz', 'GQLDQOeaTd', 'ucKcc1Nz@gmail.com', 'Hello, I am ucKcc1Nz.', 'ucKcc1Nz', 2232, '2024-01-10 06:02:54'),
('uFxQr6TU', 'DMw7O0m1nK', 'uFxQr6TU@gmail.com', 'Hello, I am uFxQr6TU.', 'uFxQr6TU', 2713, '2024-01-10 06:02:54'),
('UI6R3UX0', 'My2Y7FFpnm', 'UI6R3UX0@gmail.com', 'Hello, I am UI6R3UX0.', 'UI6R3UX0', 2030, '2024-01-10 06:02:54'),
('uNQH7Zpr', 'LD8uqro16O', 'uNQH7Zpr@gmail.com', 'Hello, I am uNQH7Zpr.', 'uNQH7Zpr', 2955, '2024-01-10 06:02:54'),
('uOVGVMRs', '9uakc3cuHj', 'uOVGVMRs@gmail.com', 'Hello, I am uOVGVMRs.', 'uOVGVMRs', 2297, '2024-01-10 06:02:54'),
('uOwnlG12', 'cnt4965Gu6', 'uOwnlG12@gmail.com', 'Hello, I am uOwnlG12.', 'uOwnlG12', 2815, '2024-01-10 06:02:54'),
('uP6x9ra8', 'PcPN61Qta5', 'uP6x9ra8@gmail.com', 'Hello, I am uP6x9ra8.', 'uP6x9ra8', 2596, '2024-01-10 06:02:54'),
('UP9G5usT', 'CXpd49cagu', 'UP9G5usT@gmail.com', 'Hello, I am UP9G5usT.', 'UP9G5usT', 2679, '2024-01-10 06:02:54'),
('uQJHcgDe', 'XRPraB3LxD', 'uQJHcgDe@gmail.com', 'Hello, I am uQJHcgDe.', 'uQJHcgDe', 2744, '2024-01-10 06:02:54'),
('UqTHk3RC', 'PBCN9bptCM', 'UqTHk3RC@gmail.com', 'Hello, I am UqTHk3RC.', 'UqTHk3RC', 2434, '2024-01-10 06:02:54'),
('Urtgxiu6', 'N4eOhNYay3', 'Urtgxiu6@gmail.com', 'Hello, I am Urtgxiu6.', 'Urtgxiu6', 2651, '2024-01-10 06:02:54'),
('uS351JXD', 'cGdLry6qpW', 'uS351JXD@gmail.com', 'Hello, I am uS351JXD.', 'uS351JXD', 2626, '2024-01-10 06:02:54'),
('uS5uMwCT', 'AlkX2oOrKH', 'uS5uMwCT@gmail.com', 'Hello, I am uS5uMwCT.', 'uS5uMwCT', 2851, '2024-01-10 06:02:54'),
('user123', '$2y$10$vArjEl4k1PFpYIsDQF0qeerxLh8bYp6TfC2bRsb5BuStIUQxiDtS.', 'user@gmail.com', NULL, 'user', 10000521, '2024-01-10 06:25:29'),
('uVvK2Igy', 'H3Q4lodQZa', 'uVvK2Igy@gmail.com', 'Hello, I am uVvK2Igy.', 'uVvK2Igy', 2471, '2024-01-10 06:02:54'),
('uW7DGqrp', 'M51sDTRhQj', 'uW7DGqrp@gmail.com', 'Hello, I am uW7DGqrp.', 'uW7DGqrp', 2501, '2024-01-10 06:02:54'),
('Uxf4U5Bl', 'DUAVNEOXxM', 'Uxf4U5Bl@gmail.com', 'Hello, I am Uxf4U5Bl.', 'Uxf4U5Bl', 2289, '2024-01-10 06:02:54'),
('UYyhW787', 'HZTdF3P1lv', 'UYyhW787@gmail.com', 'Hello, I am UYyhW787.', 'UYyhW787', 2089, '2024-01-10 06:02:54'),
('V3esqIQM', 'h1AkVNZ4Ay', 'V3esqIQM@gmail.com', 'Hello, I am V3esqIQM.', 'V3esqIQM', 2535, '2024-01-10 06:02:54'),
('V3HfgHkN', 'VmsyAoy3Xe', 'V3HfgHkN@gmail.com', 'Hello, I am V3HfgHkN.', 'V3HfgHkN', 2835, '2024-01-10 06:02:54'),
('V7tpUFku', 'mObtqTSBmh', 'V7tpUFku@gmail.com', 'Hello, I am V7tpUFku.', 'V7tpUFku', 2197, '2024-01-10 06:02:54'),
('VbxCPX5g', 'cjRAMvgU7Y', 'VbxCPX5g@gmail.com', 'Hello, I am VbxCPX5g.', 'VbxCPX5g', 2869, '2024-01-10 06:02:54'),
('VEz8eKEH', 'MM82xGv6o5', 'VEz8eKEH@gmail.com', 'Hello, I am VEz8eKEH.', 'VEz8eKEH', 2742, '2024-01-10 06:02:54'),
('vF3SfvG1', 'LPjEsNyy3b', 'vF3SfvG1@gmail.com', 'Hello, I am vF3SfvG1.', 'vF3SfvG1', 2569, '2024-01-10 06:02:54'),
('vFexMq5Q', 'xXY3EPU18V', 'vFexMq5Q@gmail.com', 'Hello, I am vFexMq5Q.', 'vFexMq5Q', 2259, '2024-01-10 06:02:54'),
('VFh5shOk', 'fp8zJrKUvq', 'VFh5shOk@gmail.com', 'Hello, I am VFh5shOk.', 'VFh5shOk', 2265, '2024-01-10 06:02:54'),
('VfLQYCP3', 'ISEdwl1XTg', 'VfLQYCP3@gmail.com', 'Hello, I am VfLQYCP3.', 'VfLQYCP3', 2579, '2024-01-10 06:02:54'),
('vfoCHo9T', 'FGCjfggfDS', 'vfoCHo9T@gmail.com', 'Hello, I am vfoCHo9T.', 'vfoCHo9T', 2836, '2024-01-10 06:02:54'),
('VfWuyCm8', 'EaLImy8kg2', 'VfWuyCm8@gmail.com', 'Hello, I am VfWuyCm8.', 'VfWuyCm8', 2147, '2024-01-10 06:02:54'),
('vg9t0kHS', '3IMeCms1Fq', 'vg9t0kHS@gmail.com', 'Hello, I am vg9t0kHS.', 'vg9t0kHS', 2122, '2024-01-10 06:02:54'),
('vgVokQbj', 'v1UEe40oBe', 'vgVokQbj@gmail.com', 'Hello, I am vgVokQbj.', 'vgVokQbj', 2694, '2024-01-10 06:02:54'),
('vH3nP5AP', 'T7cgw4SrMJ', 'vH3nP5AP@gmail.com', 'Hello, I am vH3nP5AP.', 'vH3nP5AP', 2347, '2024-01-10 06:02:54'),
('VHKy2yAc', 'vZEvZHAmEj', 'VHKy2yAc@gmail.com', 'Hello, I am VHKy2yAc.', 'VHKy2yAc', 2753, '2024-01-10 06:02:54'),
('VhM5hNMk', 'YIfduShmcu', 'VhM5hNMk@gmail.com', 'Hello, I am VhM5hNMk.', 'VhM5hNMk', 2656, '2024-01-10 06:02:54'),
('VHx0GoXv', 'Ef65jFBmg4', 'VHx0GoXv@gmail.com', 'Hello, I am VHx0GoXv.', 'VHx0GoXv', 2336, '2024-01-10 06:02:54'),
('vinhno1234567', 'Vinhno1234!', 'vdamthe@gmail.com', NULL, 'vinhnodeptraivodich', 10000487, '2024-01-10 06:02:54'),
('vKgaFs7p', 'IpFMuL6N5F', 'vKgaFs7p@gmail.com', 'Hello, I am vKgaFs7p.', 'vKgaFs7p', 2972, '2024-01-10 06:02:54'),
('vKhqHOHU', 'Tz9e5oLpyO', 'vKhqHOHU@gmail.com', 'Hello, I am vKhqHOHU.', 'vKhqHOHU', 2781, '2024-01-10 06:02:54'),
('vKLueYWu', 'BMAnn4CR5c', 'vKLueYWu@gmail.com', 'Hello, I am vKLueYWu.', 'vKLueYWu', 2791, '2024-01-10 06:02:54'),
('vkuzohDg', '16x1DpJbYC', 'vkuzohDg@gmail.com', 'Hello, I am vkuzohDg.', 'vkuzohDg', 2341, '2024-01-10 06:02:54'),
('VlJt7sgb', 'FxHArH4JBB', 'VlJt7sgb@gmail.com', 'Hello, I am VlJt7sgb.', 'VlJt7sgb', 2451, '2024-01-10 06:02:54'),
('vlnzcioX', 'ivVB0hKL9K', 'vlnzcioX@gmail.com', 'Hello, I am vlnzcioX.', 'vlnzcioX', 2372, '2024-01-10 06:02:54'),
('VmJ3BkAb', '0UIGMikyHN', 'VmJ3BkAb@gmail.com', 'Hello, I am VmJ3BkAb.', 'VmJ3BkAb', 2908, '2024-01-10 06:02:54'),
('vNpSSEXG', 'U0rUSm33Ry', 'vNpSSEXG@gmail.com', 'Hello, I am vNpSSEXG.', 'vNpSSEXG', 2102, '2024-01-10 06:02:54'),
('VPkPhKl7', '1rat17P4BJ', 'VPkPhKl7@gmail.com', 'Hello, I am VPkPhKl7.', 'VPkPhKl7', 2262, '2024-01-10 06:02:54'),
('vQ5p7SFw', 'KziCnNTalH', 'vQ5p7SFw@gmail.com', 'Hello, I am vQ5p7SFw.', 'vQ5p7SFw', 2743, '2024-01-10 06:02:54'),
('vQ8g9CUZ', 'hUaYSn5OPN', 'vQ8g9CUZ@gmail.com', 'Hello, I am vQ8g9CUZ.', 'vQ8g9CUZ', 2838, '2024-01-10 06:02:54'),
('vQErizzE', 'VW4m7oDQ4I', 'vQErizzE@gmail.com', 'Hello, I am vQErizzE.', 'vQErizzE', 2215, '2024-01-10 06:02:54'),
('vqQ6Gngh', '53yn1asU8n', 'vqQ6Gngh@gmail.com', 'Hello, I am vqQ6Gngh.', 'vqQ6Gngh', 2504, '2024-01-10 06:02:54'),
('vRqy8rSP', 'IZZdFp1LZe', 'vRqy8rSP@gmail.com', 'Hello, I am vRqy8rSP.', 'vRqy8rSP', 2923, '2024-01-10 06:02:54'),
('vsiQXZbU', 'ZXDNSxuRIt', 'vsiQXZbU@gmail.com', 'Hello, I am vsiQXZbU.', 'vsiQXZbU', 2799, '2024-01-10 06:02:54'),
('vSQkYNoi', 'fMsI897p5c', 'vSQkYNoi@gmail.com', 'Hello, I am vSQkYNoi.', 'vSQkYNoi', 2170, '2024-01-10 06:02:54'),
('vu_van', 'vu12345', 'vu.van@example.com', 'Chào mọi người, tôi là Vũ Văn.', 'Văn', 10000459, '2024-01-10 06:02:54'),
('VuB02kzV', 'BxjsvZKk25', 'VuB02kzV@gmail.com', 'Hello, I am VuB02kzV.', 'VuB02kzV', 2601, '2024-01-10 06:02:54'),
('vvyukxYj', 'cDewwdglzQ', 'vvyukxYj@gmail.com', 'Hello, I am vvyukxYj.', 'vvyukxYj', 2097, '2024-01-10 06:02:54'),
('VWokSkaq', 'DspyESymBG', 'VWokSkaq@gmail.com', 'Hello, I am VWokSkaq.', 'VWokSkaq', 2396, '2024-01-10 06:02:54'),
('vx3QqnGs', 'VkZRTpXUvF', 'vx3QqnGs@gmail.com', 'Hello, I am vx3QqnGs.', 'vx3QqnGs', 2803, '2024-01-10 06:02:54'),
('VXB1CMzm', 'zjz4rLEG3x', 'VXB1CMzm@gmail.com', 'Hello, I am VXB1CMzm.', 'VXB1CMzm', 2422, '2024-01-10 06:02:54'),
('VXOd8PXG', 'aS0I9QFdwi', 'VXOd8PXG@gmail.com', 'Hello, I am VXOd8PXG.', 'VXOd8PXG', 2948, '2024-01-10 06:02:54'),
('vZHGWhen', 'cJ6drluS7a', 'vZHGWhen@gmail.com', 'Hello, I am vZHGWhen.', 'vZHGWhen', 2883, '2024-01-10 06:02:54'),
('W0BpZg5H', 'LddQ1Ub0kr', 'W0BpZg5H@gmail.com', 'Hello, I am W0BpZg5H.', 'W0BpZg5H', 2790, '2024-01-10 06:02:54'),
('w3hhlHH1', 'eErRtG4pso', 'w3hhlHH1@gmail.com', 'Hello, I am w3hhlHH1.', 'w3hhlHH1', 2941, '2024-01-10 06:02:54'),
('W6ckYPGB', 'szE6EwC4dc', 'W6ckYPGB@gmail.com', 'Hello, I am W6ckYPGB.', 'W6ckYPGB', 2717, '2024-01-10 06:02:54'),
('W7fKUrDu', 'DC0MBElSKI', 'W7fKUrDu@gmail.com', 'Hello, I am W7fKUrDu.', 'W7fKUrDu', 2540, '2024-01-10 06:02:54'),
('W8romVf3', 'hlucC5uh9o', 'W8romVf3@gmail.com', 'Hello, I am W8romVf3.', 'W8romVf3', 2884, '2024-01-10 06:02:54'),
('wcYqnj1s', 'fPJYTcmIuq', 'wcYqnj1s@gmail.com', 'Hello, I am wcYqnj1s.', 'wcYqnj1s', 2695, '2024-01-10 06:02:54'),
('wDJvIG4n', '3eUwQSPa9S', 'wDJvIG4n@gmail.com', 'Hello, I am wDJvIG4n.', 'wDJvIG4n', 2621, '2024-01-10 06:02:54'),
('wEmoDX7Z', 'Lwj0PrL0w4', 'wEmoDX7Z@gmail.com', 'Hello, I am wEmoDX7Z.', 'wEmoDX7Z', 2650, '2024-01-10 06:02:54'),
('wf3dFCr7', 'MDsVZanzzQ', 'wf3dFCr7@gmail.com', 'Hello, I am wf3dFCr7.', 'wf3dFCr7', 2811, '2024-01-10 06:02:54'),
('wFc0irHM', 'xzE3jObPoe', 'wFc0irHM@gmail.com', 'Hello, I am wFc0irHM.', 'wFc0irHM', 2961, '2024-01-10 06:02:54'),
('Wfnw9wDM', '27EWAhkvQi', 'Wfnw9wDM@gmail.com', 'Hello, I am Wfnw9wDM.', 'Wfnw9wDM', 2385, '2024-01-10 06:02:54'),
('wFUcqqAV', 'rddi8PCwmN', 'wFUcqqAV@gmail.com', 'Hello, I am wFUcqqAV.', 'wFUcqqAV', 2494, '2024-01-10 06:02:54'),
('WhHCbGAI', 'ji41Hv7dcp', 'WhHCbGAI@gmail.com', 'Hello, I am WhHCbGAI.', 'WhHCbGAI', 2533, '2024-01-10 06:02:54'),
('william_jones', 'william555', 'william.jones@example.com', 'Greetings, I am William Jones.', 'William', 10000452, '2024-01-10 06:02:54'),
('william_smith', 'pass123', 'william_smith@gmail.com', 'Hi, I am William Smith.', 'William', 10000490, '2024-01-10 06:02:54'),
('WiRLeV3a', 'vniqTdWDFd', 'WiRLeV3a@gmail.com', 'Hello, I am WiRLeV3a.', 'WiRLeV3a', 2965, '2024-01-10 06:02:54'),
('WlYwplnW', 'qFssEMAL8f', 'WlYwplnW@gmail.com', 'Hello, I am WlYwplnW.', 'WlYwplnW', 2853, '2024-01-10 06:02:54'),
('wpuHDI3x', 'KNbuYkI6nf', 'wpuHDI3x@gmail.com', 'Hello, I am wpuHDI3x.', 'wpuHDI3x', 2659, '2024-01-10 06:02:54'),
('wRBfanFL', 'Bniuraliiq', 'wRBfanFL@gmail.com', 'Hello, I am wRBfanFL.', 'wRBfanFL', 2976, '2024-01-10 06:02:54'),
('wRPV6lmE', 'dKyYsqxVX8', 'wRPV6lmE@gmail.com', 'Hello, I am wRPV6lmE.', 'wRPV6lmE', 2120, '2024-01-10 06:02:54'),
('wtBdq45Y', '0wKQidrwnQ', 'wtBdq45Y@gmail.com', 'Hello, I am wtBdq45Y.', 'wtBdq45Y', 2137, '2024-01-10 06:02:54'),
('wTvGRUKl', '5EXunvsCvV', 'wTvGRUKl@gmail.com', 'Hello, I am wTvGRUKl.', 'wTvGRUKl', 2498, '2024-01-10 06:02:54'),
('WyBzMCos', 'yBWKjGUOJH', 'WyBzMCos@gmail.com', 'Hello, I am WyBzMCos.', 'WyBzMCos', 2942, '2024-01-10 06:02:54'),
('x0dkA1Eq', 'IvPYwE18gg', 'x0dkA1Eq@gmail.com', 'Hello, I am x0dkA1Eq.', 'x0dkA1Eq', 2075, '2024-01-10 06:02:54'),
('x1JQka8e', 'LIcbEG0lts', 'x1JQka8e@gmail.com', 'Hello, I am x1JQka8e.', 'x1JQka8e', 2864, '2024-01-10 06:02:54'),
('x64QxluY', 'ppFjMoLM9F', 'x64QxluY@gmail.com', 'Hello, I am x64QxluY.', 'x64QxluY', 2581, '2024-01-10 06:02:54'),
('x7P2gktl', 'X2ICQJWrLs', 'x7P2gktl@gmail.com', 'Hello, I am x7P2gktl.', 'x7P2gktl', 2421, '2024-01-10 06:02:54'),
('X8ux2M0o', 'S8diSymuy2', 'X8ux2M0o@gmail.com', 'Hello, I am X8ux2M0o.', 'X8ux2M0o', 2536, '2024-01-10 06:02:54'),
('xbEKIBuu', 'u4CnPUGsWU', 'xbEKIBuu@gmail.com', 'Hello, I am xbEKIBuu.', 'xbEKIBuu', 2898, '2024-01-10 06:02:54'),
('XBkHmfyY', 'QlmT7Y2us0', 'XBkHmfyY@gmail.com', 'Hello, I am XBkHmfyY.', 'XBkHmfyY', 2675, '2024-01-10 06:02:54'),
('XC4GudCG', 'aEuuZwRwKG', 'XC4GudCG@gmail.com', 'Hello, I am XC4GudCG.', 'XC4GudCG', 2980, '2024-01-10 06:02:54'),
('xCxUfUCG', 'kOIS5ZYU42', 'xCxUfUCG@gmail.com', 'Hello, I am xCxUfUCG.', 'xCxUfUCG', 2499, '2024-01-10 06:02:54'),
('XeLBUdCV', 'YdjHS0muR6', 'XeLBUdCV@gmail.com', 'Hello, I am XeLBUdCV.', 'XeLBUdCV', 2181, '2024-01-10 06:02:54'),
('XEqHEfyf', 'eUFww9SOYk', 'XEqHEfyf@gmail.com', 'Hello, I am XEqHEfyf.', 'XEqHEfyf', 2115, '2024-01-10 06:02:54'),
('XGAEygVb', 'vOwgVisypQ', 'XGAEygVb@gmail.com', 'Hello, I am XGAEygVb.', 'XGAEygVb', 2617, '2024-01-10 06:02:54'),
('XGM8A2kl', 'mSzTzb7iEM', 'XGM8A2kl@gmail.com', 'Hello, I am XGM8A2kl.', 'XGM8A2kl', 2274, '2024-01-10 06:02:54'),
('xGQgBNce', 'dQ5YBVpnfZ', 'xGQgBNce@gmail.com', 'Hello, I am xGQgBNce.', 'xGQgBNce', 2136, '2024-01-10 06:02:54'),
('XHW05vrr', 'Esv8A7jrWn', 'XHW05vrr@gmail.com', 'Hello, I am XHW05vrr.', 'XHW05vrr', 2683, '2024-01-10 06:02:54'),
('XjOw5d3K', 'myMVSNzBBJ', 'XjOw5d3K@gmail.com', 'Hello, I am XjOw5d3K.', 'XjOw5d3K', 2350, '2024-01-10 06:02:54'),
('xndjMlPx', '919Vz1WOVb', 'xndjMlPx@gmail.com', 'Hello, I am xndjMlPx.', 'xndjMlPx', 2384, '2024-01-10 06:02:54'),
('xqXd7JRQ', 'xZguIoeevP', 'xqXd7JRQ@gmail.com', 'Hello, I am xqXd7JRQ.', 'xqXd7JRQ', 2419, '2024-01-10 06:02:54'),
('xtaa44xP', 'M1fQfE0B8d', 'xtaa44xP@gmail.com', 'Hello, I am xtaa44xP.', 'xtaa44xP', 2366, '2024-01-10 06:02:54'),
('xtNjhrlk', 'QDMtguTcun', 'xtNjhrlk@gmail.com', 'Hello, I am xtNjhrlk.', 'xtNjhrlk', 2280, '2024-01-10 06:02:54'),
('XTu37HZp', 'x1S5sJ2xmf', 'XTu37HZp@gmail.com', 'Hello, I am XTu37HZp.', 'XTu37HZp', 2629, '2024-01-10 06:02:54'),
('xuxmOmhP', 'dlU7uKFGdj', 'xuxmOmhP@gmail.com', 'Hello, I am xuxmOmhP.', 'xuxmOmhP', 2470, '2024-01-10 06:02:54'),
('XVOrzCHR', '6p1LK7ShHO', 'XVOrzCHR@gmail.com', 'Hello, I am XVOrzCHR.', 'XVOrzCHR', 2724, '2024-01-10 06:02:54'),
('XXfGsZfi', 'brWLc8okoc', 'XXfGsZfi@gmail.com', 'Hello, I am XXfGsZfi.', 'XXfGsZfi', 2678, '2024-01-10 06:02:54'),
('Xy011PEe', 'DjfjysNi5B', 'Xy011PEe@gmail.com', 'Hello, I am Xy011PEe.', 'Xy011PEe', 2677, '2024-01-10 06:02:54'),
('xylCW4ZM', 'DeN9m4c0W2', 'xylCW4ZM@gmail.com', 'Hello, I am xylCW4ZM.', 'xylCW4ZM', 2180, '2024-01-10 06:02:54'),
('y012OQDF', 'ilvyfhQ5pt', 'y012OQDF@gmail.com', 'Hello, I am y012OQDF.', 'y012OQDF', 2445, '2024-01-10 06:02:54'),
('y1rKCgkK', 'v4jJApI72s', 'y1rKCgkK@gmail.com', 'Hello, I am y1rKCgkK.', 'y1rKCgkK', 2577, '2024-01-10 06:02:54'),
('Y1SmDtev', '1c344iBNbM', 'Y1SmDtev@gmail.com', 'Hello, I am Y1SmDtev.', 'Y1SmDtev', 2545, '2024-01-10 06:02:54'),
('Y6e7UPzA', 'wTuWMWpkjY', 'Y6e7UPzA@gmail.com', 'Hello, I am Y6e7UPzA.', 'Y6e7UPzA', 2843, '2024-01-10 06:02:54'),
('YAefhoJg', '6LMCWYAP1T', 'YAefhoJg@gmail.com', 'Hello, I am YAefhoJg.', 'YAefhoJg', 2222, '2024-01-10 06:02:54'),
('YBRjKY9h', 'MgwwpUTBJK', 'YBRjKY9h@gmail.com', 'Hello, I am YBRjKY9h.', 'YBRjKY9h', 2448, '2024-01-10 06:02:54'),
('YCx4yiOr', '2UwvBSLXFz', 'YCx4yiOr@gmail.com', 'Hello, I am YCx4yiOr.', 'YCx4yiOr', 2564, '2024-01-10 06:02:54'),
('YefhHF5x', 'k21onHeu80', 'YefhHF5x@gmail.com', 'Hello, I am YefhHF5x.', 'YefhHF5x', 2415, '2024-01-10 06:02:54'),
('Yf7VqUs4', 'vMU0gMUYB8', 'Yf7VqUs4@gmail.com', 'Hello, I am Yf7VqUs4.', 'Yf7VqUs4', 2304, '2024-01-10 06:02:54'),
('yGOsZgLL', 'QFSYSS4iLi', 'yGOsZgLL@gmail.com', 'Hello, I am yGOsZgLL.', 'yGOsZgLL', 2612, '2024-01-10 06:02:54'),
('YhEu3mL5', 'JksJOQ9sAz', 'YhEu3mL5@gmail.com', 'Hello, I am YhEu3mL5.', 'YhEu3mL5', 2358, '2024-01-10 06:02:54'),
('YiD8sUNy', 'o3TvwK2jmV', 'YiD8sUNy@gmail.com', 'Hello, I am YiD8sUNy.', 'YiD8sUNy', 2512, '2024-01-10 06:02:54'),
('YJ2Y2IqQ', 'q7LTmeuNwF', 'YJ2Y2IqQ@gmail.com', 'Hello, I am YJ2Y2IqQ.', 'YJ2Y2IqQ', 2914, '2024-01-10 06:02:54'),
('yjmBbDrd', 'iH8gGHv7Nz', 'yjmBbDrd@gmail.com', 'Hello, I am yjmBbDrd.', 'yjmBbDrd', 2332, '2024-01-10 06:02:54'),
('YMH8XW2j', 'G4UAiCJRI9', 'YMH8XW2j@gmail.com', 'Hello, I am YMH8XW2j.', 'YMH8XW2j', 2844, '2024-01-10 06:02:54'),
('ynZRGriv', 'PvY8Um35CS', 'ynZRGriv@gmail.com', 'Hello, I am ynZRGriv.', 'ynZRGriv', 2331, '2024-01-10 06:02:54'),
('yo5LuQbl', 'afB5BXd6e9', 'yo5LuQbl@gmail.com', 'Hello, I am yo5LuQbl.', 'yo5LuQbl', 2306, '2024-01-10 06:02:54'),
('YoYuEH3e', 'J5ifyofsZJ', 'YoYuEH3e@gmail.com', 'Hello, I am YoYuEH3e.', 'YoYuEH3e', 2644, '2024-01-10 06:02:54'),
('YPDD1eDB', 'XamjDZAC5f', 'YPDD1eDB@gmail.com', 'Hello, I am YPDD1eDB.', 'YPDD1eDB', 2390, '2024-01-10 06:02:54'),
('YPLFZi54', '9Yjh3n0Udi', 'YPLFZi54@gmail.com', 'Hello, I am YPLFZi54.', 'YPLFZi54', 2789, '2024-01-10 06:02:54'),
('yRdPc8C5', 'X6p7TjgB5K', 'yRdPc8C5@gmail.com', 'Hello, I am yRdPc8C5.', 'yRdPc8C5', 2583, '2024-01-10 06:02:54'),
('YrjDYFuC', 'JxCKUs6zxh', 'YrjDYFuC@gmail.com', 'Hello, I am YrjDYFuC.', 'YrjDYFuC', 2061, '2024-01-10 06:02:54'),
('YStJCWV6', 'J2LjHKkxGr', 'YStJCWV6@gmail.com', 'Hello, I am YStJCWV6.', 'YStJCWV6', 2450, '2024-01-10 06:02:54'),
('Yt5ZTdwU', 'EO4nLBK84B', 'Yt5ZTdwU@gmail.com', 'Hello, I am Yt5ZTdwU.', 'Yt5ZTdwU', 2649, '2024-01-10 06:02:54'),
('ytrnqPEe', 'neH2xShgRS', 'ytrnqPEe@gmail.com', 'Hello, I am ytrnqPEe.', 'ytrnqPEe', 2671, '2024-01-10 06:02:54'),
('yuki_tanaka', 'pass789', 'yuki_tanaka@gmail.com', 'こんにちは、田中由紀です。', '由紀', 10000474, '2024-01-10 06:02:54'),
('yuna_kim', 'pass789', 'yuna_kim@gmail.com', '안녕하세요, 저는 김유나입니다.', '유나', 10000480, '2024-01-10 06:02:54'),
('yuwbewjf', 'U9mu2TxdGu', 'yuwbewjf@gmail.com', 'Hello, I am yuwbewjf.', 'yuwbewjf', 2202, '2024-01-10 06:02:54'),
('YzCa36N9', 'ZJmUyL7JJo', 'YzCa36N9@gmail.com', 'Hello, I am YzCa36N9.', 'YzCa36N9', 2646, '2024-01-10 06:02:54'),
('yzMLedw5', 'Su71uWSgWg', 'yzMLedw5@gmail.com', 'Hello, I am yzMLedw5.', 'yzMLedw5', 2669, '2024-01-10 06:02:54'),
('YZp8jgi3', 'qS8hdftjNh', 'YZp8jgi3@gmail.com', 'Hello, I am YZp8jgi3.', 'YZp8jgi3', 2971, '2024-01-10 06:02:54'),
('z16hUBQi', '9c6eTsYxdo', 'z16hUBQi@gmail.com', 'Hello, I am z16hUBQi.', 'z16hUBQi', 2992, '2024-01-10 06:02:54'),
('z28R6YvT', 'krhmzeCQlk', 'z28R6YvT@gmail.com', 'Hello, I am z28R6YvT.', 'z28R6YvT', 2521, '2024-01-10 06:02:54'),
('z3d2aGB1', 'JwB25yuV5D', 'z3d2aGB1@gmail.com', 'Hello, I am z3d2aGB1.', 'z3d2aGB1', 2734, '2024-01-10 06:02:54'),
('z3IFRYom', 'RZGT5G2iSG', 'z3IFRYom@gmail.com', 'Hello, I am z3IFRYom.', 'z3IFRYom', 2250, '2024-01-10 06:02:54'),
('z3ooRGaM', 'KT5z82VnPD', 'z3ooRGaM@gmail.com', 'Hello, I am z3ooRGaM.', 'z3ooRGaM', 2058, '2024-01-10 06:02:54'),
('z70xnSx5', 'V7TKyx7SWd', 'z70xnSx5@gmail.com', 'Hello, I am z70xnSx5.', 'z70xnSx5', 2897, '2024-01-10 06:02:54'),
('Z7ZUtq8o', 'DgmbfuFaKB', 'Z7ZUtq8o@gmail.com', 'Hello, I am Z7ZUtq8o.', 'Z7ZUtq8o', 2885, '2024-01-10 06:02:54'),
('zAqaQrAx', 'wF3BvEuGaY', 'zAqaQrAx@gmail.com', 'Hello, I am zAqaQrAx.', 'zAqaQrAx', 2949, '2024-01-10 06:02:54'),
('zDpKyADy', '8CNfRiGza6', 'zDpKyADy@gmail.com', 'Hello, I am zDpKyADy.', 'zDpKyADy', 2594, '2024-01-10 06:02:54'),
('zDuVbIqg', 'NYph8HEMWB', 'zDuVbIqg@gmail.com', 'Hello, I am zDuVbIqg.', 'zDuVbIqg', 2640, '2024-01-10 06:02:54'),
('Zff2yw1g', 'wTpzlN70nY', 'Zff2yw1g@gmail.com', 'Hello, I am Zff2yw1g.', 'Zff2yw1g', 2729, '2024-01-10 06:02:54'),
('zfrc4OxK', 'nxR7zCJouh', 'zfrc4OxK@gmail.com', 'Hello, I am zfrc4OxK.', 'zfrc4OxK', 2452, '2024-01-10 06:02:54'),
('zfT6vA3B', '8ne5QYcf3V', 'zfT6vA3B@gmail.com', 'Hello, I am zfT6vA3B.', 'zfT6vA3B', 2090, '2024-01-10 06:02:54'),
('zhDktIyT', 'bIocI3chRa', 'zhDktIyT@gmail.com', 'Hello, I am zhDktIyT.', 'zhDktIyT', 2460, '2024-01-10 06:02:54'),
('ZhkYo5Yw', 'OCiTO41Mpq', 'ZhkYo5Yw@gmail.com', 'Hello, I am ZhkYo5Yw.', 'ZhkYo5Yw', 2123, '2024-01-10 06:02:54'),
('zHtrpeuc', 'm9VtjMPlrg', 'zHtrpeuc@gmail.com', 'Hello, I am zHtrpeuc.', 'zHtrpeuc', 2474, '2024-01-10 06:02:54'),
('zIWBHghd', 'zEUNHE9UOQ', 'zIWBHghd@gmail.com', 'Hello, I am zIWBHghd.', 'zIWBHghd', 2573, '2024-01-10 06:02:54'),
('zJyhOCrK', 'drLiBDMVkY', 'zJyhOCrK@gmail.com', 'Hello, I am zJyhOCrK.', 'zJyhOCrK', 2088, '2024-01-10 06:02:54'),
('ZlpYNdfc', 'A0JHjwgpYr', 'ZlpYNdfc@gmail.com', 'Hello, I am ZlpYNdfc.', 'ZlpYNdfc', 2356, '2024-01-10 06:02:54'),
('ZoTMhaMl', 'fHQaxwa6U5', 'ZoTMhaMl@gmail.com', 'Hello, I am ZoTMhaMl.', 'ZoTMhaMl', 2247, '2024-01-10 06:02:54'),
('zR38HKNN', 'dJT3AjOLz3', 'zR38HKNN@gmail.com', 'Hello, I am zR38HKNN.', 'zR38HKNN', 2398, '2024-01-10 06:02:54'),
('zrLlZJ1k', 'l9i99ZSvkz', 'zrLlZJ1k@gmail.com', 'Hello, I am zrLlZJ1k.', 'zrLlZJ1k', 2406, '2024-01-10 06:02:54'),
('ZRZdNOUc', 'v3AqBr2QRo', 'ZRZdNOUc@gmail.com', 'Hello, I am ZRZdNOUc.', 'ZRZdNOUc', 2821, '2024-01-10 06:02:54'),
('ZvmDUV2G', 'ShZnQBtCsw', 'ZvmDUV2G@gmail.com', 'Hello, I am ZvmDUV2G.', 'ZvmDUV2G', 2126, '2024-01-10 06:02:54'),
('zw6LR2I8', 'uii6esta10', 'zw6LR2I8@gmail.com', 'Hello, I am zw6LR2I8.', 'zw6LR2I8', 2381, '2024-01-10 06:02:54'),
('zxeBd7Um', 'OxS06dX0G2', 'zxeBd7Um@gmail.com', 'Hello, I am zxeBd7Um.', 'zxeBd7Um', 2338, '2024-01-10 06:02:54'),
('Zy0vyeDM', 'nnJiul7Kkr', 'Zy0vyeDM@gmail.com', 'Hello, I am Zy0vyeDM.', 'Zy0vyeDM', 2476, '2024-01-10 06:02:54'),
('zywFWssp', 'TmMuRjW3r0', 'zywFWssp@gmail.com', 'Hello, I am zywFWssp.', 'zywFWssp', 2131, '2024-01-10 06:02:54'),
('zYzB8z4m', '0bFRMBnrjM', 'zYzB8z4m@gmail.com', 'Hello, I am zYzB8z4m.', 'zYzB8z4m', 2472, '2024-01-10 06:02:54');

--
-- Chỉ mục cho các bảng đã đổ
--

--
-- Chỉ mục cho bảng `answers`
--
ALTER TABLE `answers`
  ADD PRIMARY KEY (`answer_id`),
  ADD UNIQUE KEY `question_id` (`question_id`);

--
-- Chỉ mục cho bảng `emailcaptcha`
--
ALTER TABLE `emailcaptcha`
  ADD PRIMARY KEY (`email`) USING BTREE;

--
-- Chỉ mục cho bảng `forumanswers`
--
ALTER TABLE `forumanswers`
  ADD UNIQUE KEY `id` (`id`);

--
-- Chỉ mục cho bảng `forumquestions`
--
ALTER TABLE `forumquestions`
  ADD UNIQUE KEY `id` (`id`);

--
-- Chỉ mục cho bảng `ip`
--
ALTER TABLE `ip`
  ADD PRIMARY KEY (`id`);

--
-- Chỉ mục cho bảng `questions`
--
ALTER TABLE `questions`
  ADD PRIMARY KEY (`question_id`) USING BTREE,
  ADD KEY `username` (`username`) USING BTREE;

--
-- Chỉ mục cho bảng `roomchat`
--
ALTER TABLE `roomchat`
  ADD PRIMARY KEY (`id`) USING BTREE;

--
-- Chỉ mục cho bảng `timemail`
--
ALTER TABLE `timemail`
  ADD PRIMARY KEY (`id`) USING BTREE;

--
-- Chỉ mục cho bảng `user`
--
ALTER TABLE `user`
  ADD PRIMARY KEY (`username`),
  ADD UNIQUE KEY `email` (`email`),
  ADD KEY `iduser` (`iduser`);

--
-- AUTO_INCREMENT cho các bảng đã đổ
--

--
-- AUTO_INCREMENT cho bảng `answers`
--
ALTER TABLE `answers`
  MODIFY `answer_id` int(11) NOT NULL AUTO_INCREMENT, AUTO_INCREMENT=36;

--
-- AUTO_INCREMENT cho bảng `forumanswers`
--
ALTER TABLE `forumanswers`
  MODIFY `id` int(11) NOT NULL AUTO_INCREMENT, AUTO_INCREMENT=47;

--
-- AUTO_INCREMENT cho bảng `forumquestions`
--
ALTER TABLE `forumquestions`
  MODIFY `id` int(11) NOT NULL AUTO_INCREMENT, AUTO_INCREMENT=86;

--
-- AUTO_INCREMENT cho bảng `ip`
--
ALTER TABLE `ip`
  MODIFY `id` int(11) NOT NULL AUTO_INCREMENT, AUTO_INCREMENT=686;

--
-- AUTO_INCREMENT cho bảng `questions`
--
ALTER TABLE `questions`
  MODIFY `question_id` int(11) NOT NULL AUTO_INCREMENT, AUTO_INCREMENT=185;

--
-- AUTO_INCREMENT cho bảng `roomchat`
--
ALTER TABLE `roomchat`
  MODIFY `id` int(11) NOT NULL AUTO_INCREMENT, AUTO_INCREMENT=124;

--
-- AUTO_INCREMENT cho bảng `timemail`
--
ALTER TABLE `timemail`
  MODIFY `id` int(11) NOT NULL AUTO_INCREMENT, AUTO_INCREMENT=18;

--
-- AUTO_INCREMENT cho bảng `user`
--
ALTER TABLE `user`
  MODIFY `iduser` int(11) NOT NULL AUTO_INCREMENT, AUTO_INCREMENT=10000543;

--
-- Các ràng buộc cho các bảng đã đổ
--

--
-- Các ràng buộc cho bảng `answers`
--
ALTER TABLE `answers`
  ADD CONSTRAINT `answers_ibfk_2` FOREIGN KEY (`question_id`) REFERENCES `questions` (`question_id`) ON DELETE CASCADE ON UPDATE CASCADE;

--
-- Các ràng buộc cho bảng `questions`
--
ALTER TABLE `questions`
  ADD CONSTRAINT `questions_ibfk_1` FOREIGN KEY (`username`) REFERENCES `user` (`username`) ON DELETE CASCADE ON UPDATE CASCADE;
COMMIT;

/*!40101 SET CHARACTER_SET_CLIENT=@OLD_CHARACTER_SET_CLIENT */;
/*!40101 SET CHARACTER_SET_RESULTS=@OLD_CHARACTER_SET_RESULTS */;
/*!40101 SET COLLATION_CONNECTION=@OLD_COLLATION_CONNECTION */;
